date,call_volume,cct,service_level,abandon_rate,is_train_period,is_aug_holdout,is_post_aug,call_volume_was_missing,cct_was_missing,service_level_was_missing,abandon_rate_was_missing
2024-01-01,4406.0,301.02,0.9784999999999999,0.005699999999999999,True,False,False,0,0,0,0
2024-01-02,14914.0,356.37,0.565,0.132,True,False,False,0,0,0,0
2024-01-03,14132.0,347.41,0.6218,0.0797,True,False,False,0,0,0,0
2024-01-04,12487.0,344.92,0.6122,0.0824,True,False,False,0,0,0,0
2024-01-05,13010.0,340.52,0.7637,0.0262,True,False,False,0,0,0,0
2024-01-06,8264.0,321.17,0.9238,0.0174,True,False,False,0,0,0,0
2024-01-07,5082.0,289.35,0.9495999999999999,0.0085,True,False,False,0,0,0,0
2024-01-08,13645.0,343.62,0.8764,0.0144,True,False,False,0,0,0,0
2024-01-09,11564.0,350.61,0.9403,0.0075,True,False,False,0,0,0,0
2024-01-10,11742.0,339.42,0.9237000000000001,0.0116,True,False,False,0,0,0,0
2024-01-11,11327.0,333.61,0.9142,0.0168,True,False,False,0,0,0,0
2024-01-12,10969.0,341.65,0.9059,0.0168,True,False,False,0,0,0,0
2024-01-13,7206.0,327.53,0.8978,0.0171,True,False,False,0,0,0,0
2024-01-14,4958.0,280.85,0.9247,0.011699999999999999,True,False,False,0,0,0,0
2024-01-15,9352.0,333.13,0.9936,0.0032,True,False,False,0,0,0,0
2024-01-16,10621.0,339.55,0.9739,0.0042,True,False,False,0,0,0,0
2024-01-17,12302.0,338.55,0.8915000000000001,0.011399999999999999,True,False,False,0,0,0,0
2024-01-18,11011.0,335.82,0.8726,0.0187,True,False,False,0,0,0,0
2024-01-19,11780.0,335.46,0.8266,0.0154,True,False,False,0,0,0,0
2024-01-20,8432.0,321.99,0.8734999999999999,0.023799999999999998,True,False,False,0,0,0,0
2024-01-21,5266.0,297.18,0.973,0.0068000000000000005,True,False,False,0,0,0,0
2024-01-22,11759.0,334.07,0.9018,0.0076,True,False,False,0,0,0,0
2024-01-23,11314.0,340.96,0.9695,0.0044,True,False,False,0,0,0,0
2024-01-24,10439.0,332.58,0.9670000000000001,0.0049,True,False,False,0,0,0,0
2024-01-25,11369.0,330.15,0.8506999999999999,0.0194,True,False,False,0,0,0,0
2024-01-26,10808.0,337.58,0.8593999999999999,0.0097,True,False,False,0,0,0,0
2024-01-27,8020.0,312.01,0.8889,0.0177,True,False,False,0,0,0,0
2024-01-28,4402.0,279.06,0.9925,0.0032,True,False,False,0,0,0,0
2024-01-29,11053.0,336.11,0.9811,0.003,True,False,False,0,0,0,0
2024-01-30,9718.0,329.33,0.9679000000000001,0.004,True,False,False,0,0,0,0
2024-01-31,9721.0,324.94,0.9307,0.008,True,False,False,0,0,0,0
2024-02-01,11095.0,329.45,0.9117000000000001,0.0275,True,False,False,0,0,0,0
2024-02-02,12270.0,371.27,0.7506999999999999,0.0308,True,False,False,0,0,0,0
2024-02-03,8131.0,377.14,0.742,0.030299999999999997,True,False,False,0,0,0,0
2024-02-04,4971.0,352.61,0.9251,0.0126,True,False,False,0,0,0,0
2024-02-05,13191.0,321.28,0.9070999999999999,0.0138,True,False,False,0,0,0,0
2024-02-06,11538.0,374.23,0.9068,0.0137,True,False,False,0,0,0,0
2024-02-07,10629.0,381.02,0.8876999999999999,0.0113,True,False,False,0,0,0,0
2024-02-08,10324.0,366.36,0.917,0.0106,True,False,False,0,0,0,0
2024-02-09,10068.0,364.52,0.9826,0.0036,True,False,False,0,0,0,0
2024-02-10,7640.0,375.11,0.9792000000000001,0.0051,True,False,False,0,0,0,0
2024-02-11,4490.0,343.56,0.7482,0.0432,True,False,False,0,0,0,0
2024-02-12,10990.0,327.62,0.6939,0.0365,True,False,False,0,0,0,0
2024-02-13,10243.0,368.58,0.9118,0.0073,True,False,False,0,0,0,0
2024-02-14,9921.0,361.98,0.9381999999999999,0.006999999999999999,True,False,False,0,0,0,0
2024-02-15,10054.0,362.09,0.8878,0.011000000000000001,True,False,False,0,0,0,0
2024-02-16,10052.0,361.3,0.917,0.0085,True,False,False,0,0,0,0
2024-02-17,7426.0,361.98,0.8576999999999999,0.0154,True,False,False,0,0,0,0
2024-02-18,4754.0,356.61,0.5757,0.0535,True,False,False,0,0,0,0
2024-02-19,9508.0,320.44,0.877,0.0184,True,False,False,0,0,0,0
2024-02-20,10377.0,344.73,0.9795,0.005699999999999999,True,False,False,0,0,0,0
2024-02-21,10271.0,363.2,0.9455,0.0067,True,False,False,0,0,0,0
2024-02-22,9753.0,361.07,0.9475,0.006,True,False,False,0,0,0,0
2024-02-23,10516.0,354.83,0.9007999999999999,0.0087,True,False,False,0,0,0,0
2024-02-24,6872.0,357.99,0.8741,0.0134,True,False,False,0,0,0,0
2024-02-25,5040.0,359.63,0.5185,0.0795,True,False,False,0,0,0,0
2024-02-26,10173.0,318.28,0.8898999999999999,0.0151,True,False,False,0,0,0,0
2024-02-27,9409.0,358.01,0.9007999999999999,0.0055000000000000005,True,False,False,0,0,0,0
2024-02-28,9603.0,350.34,0.965,0.0042,True,False,False,0,0,0,0
2024-02-29,9608.0,352.76,0.9661,0.0040999999999999995,True,False,False,0,0,0,0
2024-03-01,11913.0,345.6,0.9887999999999999,0.0032,True,False,False,0,0,0,0
2024-03-02,8661.0,350.99,0.8449,0.016,True,False,False,0,0,0,0
2024-03-03,5173.0,336.5,0.7636,0.0368,True,False,False,0,0,0,0
2024-03-04,11599.0,330.41,0.8014,0.0274,True,False,False,0,0,0,0
2024-03-05,10843.0,327.83,0.7801,0.0347,True,False,False,0,0,0,0
2024-03-06,9956.0,276.37,0.9519,0.0097,True,False,False,0,0,0,0
2024-03-07,9420.0,344.32,0.7251000000000001,0.0405,True,False,False,0,0,0,0
2024-03-08,9653.0,337.15,0.8874,0.0098,True,False,False,0,0,0,0
2024-03-09,6847.0,338.49,0.9425,0.0075,True,False,False,0,0,0,0
2024-03-10,4416.0,325.79,0.9248000000000001,0.0087,True,False,False,0,0,0,0
2024-03-11,11636.0,336.82,0.9641,0.004699999999999999,True,False,False,0,0,0,0
2024-03-12,10095.0,314.37,0.9170999999999999,0.014499999999999999,True,False,False,0,0,0,0
2024-03-13,9849.0,279.41,0.9875,0.004699999999999999,True,False,False,0,0,0,0
2024-03-14,9483.0,341.03,0.9551999999999999,0.0067,True,False,False,0,0,0,0
2024-03-15,10035.0,333.71,0.9511,0.0070999999999999995,True,False,False,0,0,0,0
2024-03-16,6828.0,327.23,0.9240999999999999,0.0109,True,False,False,0,0,0,0
2024-03-17,4807.0,321.83,0.8617,0.0127,True,False,False,0,0,0,0
2024-03-18,11456.0,328.46,0.9065000000000001,0.0158,True,False,False,0,0,0,0
2024-03-19,10407.0,322.33,0.7931999999999999,0.0285,True,False,False,0,0,0,0
2024-03-20,10951.0,287.92,0.9139,0.0126,True,False,False,0,0,0,0
2024-03-21,9941.0,325.93,0.9711,0.0055000000000000005,True,False,False,0,0,0,0
2024-03-22,9880.0,328.81,0.941,0.0132,True,False,False,0,0,0,0
2024-03-23,7636.0,328.74,0.9112,0.0128,True,False,False,0,0,0,0
2024-03-24,4417.0,322.73,0.9217,0.0105,True,False,False,0,0,0,0
2024-03-25,12048.0,331.95,0.8528,0.0154,True,False,False,0,0,0,0
2024-03-26,10177.0,309.89,0.9109,0.012199999999999999,True,False,False,0,0,0,0
2024-03-27,10803.0,267.55,0.9818000000000001,0.006,True,False,False,0,0,0,0
2024-03-28,10446.0,331.32,0.9399,0.0072,True,False,False,0,0,0,0
2024-03-29,10104.0,319.16,0.987,0.0034000000000000002,True,False,False,0,0,0,0
2024-03-30,7230.0,320.99,0.8946999999999999,0.0129,True,False,False,0,0,0,0
2024-03-31,2232.0,310.1,0.8758,0.0123,True,False,False,0,0,0,0
2024-04-01,13904.0,356.31,0.7403,0.0322,True,False,False,0,0,0,0
2024-04-02,12726.0,316.96,0.8316,0.020499999999999997,True,False,False,0,0,0,0
2024-04-03,12751.0,352.7,0.9078,0.0087,True,False,False,0,0,0,0
2024-04-04,12421.0,353.27,0.9540000000000001,0.0052,True,False,False,0,0,0,0
2024-04-05,12811.0,351.83,0.8763,0.0138,True,False,False,0,0,0,0
2024-04-06,8281.0,358.77,0.9298000000000001,0.0072,True,False,False,0,0,0,0
2024-04-07,4791.0,357.03,0.8767,0.015600000000000001,True,False,False,0,0,0,0
2024-04-08,12981.0,340.15,0.7714,0.0986,True,False,False,0,0,0,0
2024-04-09,12416.0,320.05,0.9481999999999999,0.0054,True,False,False,0,0,0,0
2024-04-10,11093.0,357.0,0.9734999999999999,0.003,True,False,False,0,0,0,0
2024-04-11,12206.0,348.64,0.9704999999999999,0.0040999999999999995,True,False,False,0,0,0,0
2024-04-12,11717.0,354.19,0.9544,0.0037,True,False,False,0,0,0,0
2024-04-13,7742.0,345.0,0.9676,0.0034999999999999996,True,False,False,0,0,0,0
2024-04-14,4825.0,350.87,0.8101999999999999,0.0269,True,False,False,0,0,0,0
2024-04-15,12818.0,345.17,0.6859999999999999,0.0432,True,False,False,0,0,0,0
2024-04-16,10700.0,309.73,0.958,0.005600000000000001,True,False,False,0,0,0,0
2024-04-17,10989.0,348.57,0.9473,0.008100000000000001,True,False,False,0,0,0,0
2024-04-18,10710.0,359.41,0.9601999999999999,0.005,True,False,False,0,0,0,0
2024-04-19,9983.0,358.54,0.9527,0.0048,True,False,False,0,0,0,0
2024-04-20,7367.0,346.05,0.8981,0.014199999999999999,True,False,False,0,0,0,0
2024-04-21,4537.0,353.95,0.8067,0.0155,True,False,False,0,0,0,0
2024-04-22,12112.0,336.94,0.7993000000000001,0.024900000000000002,True,False,False,0,0,0,0
2024-04-23,10845.0,312.46,0.9477,0.0070999999999999995,True,False,False,0,0,0,0
2024-04-24,10728.0,346.56,0.9864,0.0036,True,False,False,0,0,0,0
2024-04-25,10801.0,342.39,0.9712000000000001,0.0029,True,False,False,0,0,0,0
2024-04-26,10481.0,334.85,0.9728,0.0032,True,False,False,0,0,0,0
2024-04-27,7280.0,331.56,0.8969,0.0106,True,False,False,0,0,0,0
2024-04-28,4673.0,322.97,0.7990999999999999,0.0207,True,False,False,0,0,0,0
2024-04-29,11760.0,328.53,0.8887999999999999,0.029500000000000002,True,False,False,0,0,0,0
2024-04-30,11881.0,308.52,0.8870999999999999,0.0281,True,False,False,0,0,0,0
2024-05-01,11910.0,283.94,0.9944,0.0040999999999999995,True,False,False,0,0,0,0
2024-05-02,11768.0,330.52,0.81905,0.019700000000000002,True,False,False,0,0,1,1
2024-05-03,12334.0,328.77,0.91255,0.01075,True,False,False,0,0,1,1
2024-05-04,7672.0,326.25,0.9081999999999999,0.011000000000000001,True,False,False,0,0,1,1
2024-05-05,5164.0,337.49,0.87595,0.015050000000000001,True,False,False,0,0,1,1
2024-05-06,13002.0,335.06,0.8877999999999999,0.01395,True,False,False,0,0,1,1
2024-05-07,11768.0,302.74,0.8806,0.016399999999999998,True,False,False,0,0,1,1
2024-05-08,11917.0,286.02,0.91305,0.010450000000000001,True,False,False,0,0,1,1
2024-05-09,11394.0,342.53,0.81905,0.019700000000000002,True,False,False,0,0,1,1
2024-05-10,10986.0,337.06,0.91255,0.01075,True,False,False,0,0,1,1
2024-05-11,8107.0,335.42,0.9081999999999999,0.011000000000000001,True,False,False,0,0,1,1
2024-05-12,4050.0,325.2,0.87595,0.015050000000000001,True,False,False,0,0,1,1
2024-05-13,11156.0,334.03,0.8877999999999999,0.01395,True,False,False,0,0,1,1
2024-05-14,10891.0,316.28,0.7786,0.030299999999999997,True,False,False,0,0,0,0
2024-05-15,10444.0,284.73,0.9608,0.0069,True,False,False,0,0,0,0
2024-05-16,10566.0,338.42,0.7652,0.0182,True,False,False,0,0,0,0
2024-05-17,11017.0,337.3,0.8154,0.017,True,False,False,0,0,0,0
2024-05-18,6753.0,340.84,0.5902000000000001,0.0709,True,False,False,0,0,0,0
2024-05-19,4282.0,337.34,0.7483,0.02,True,False,False,0,0,0,0
2024-05-20,12003.0,328.43,0.8106,0.0204,True,False,False,0,0,0,0
2024-05-21,10436.0,322.55,0.6169,0.09949999999999999,True,False,False,0,0,0,0
2024-05-22,10188.0,288.06,0.8682,0.0174,True,False,False,0,0,0,0
2024-05-23,10207.0,336.84,0.7723,0.0212,True,False,False,0,0,0,0
2024-05-24,9924.0,331.35,0.8684000000000001,0.0101,True,False,False,0,0,0,0
2024-05-25,7132.0,333.91,0.8073999999999999,0.0255,True,False,False,0,0,0,0
2024-05-26,3996.0,315.32,0.8553000000000001,0.0152,True,False,False,0,0,0,0
2024-05-27,6576.0,310.17,0.9359000000000001,0.0074,True,False,False,0,0,0,0
2024-05-28,11555.0,296.87,0.885,0.0118,True,False,False,0,0,0,0
2024-05-29,10815.0,263.26,0.9837,0.009899999999999999,True,False,False,0,0,0,0
2024-05-30,9831.0,334.25,0.7737999999999999,0.0461,True,False,False,0,0,0,0
2024-05-31,10693.0,302.26,0.8613,0.018500000000000003,True,False,False,0,0,0,0
2024-06-01,7528.0,347.88,0.8212,0.0176,True,False,False,0,0,0,0
2024-06-02,5200.0,337.61,0.961,0.0083,True,False,False,0,0,0,0
2024-06-03,13735.0,331.78,0.9581999999999999,0.0068000000000000005,True,False,False,0,0,0,0
2024-06-04,12071.0,347.73,0.9639,0.0070999999999999995,True,False,False,0,0,0,0
2024-06-05,11756.0,344.09,0.9519,0.009000000000000001,True,False,False,0,0,0,0
2024-06-06,10749.0,326.19,0.8295,0.0208,True,False,False,0,0,0,0
2024-06-07,10675.0,303.42,0.9690000000000001,0.0032,True,False,False,0,0,0,0
2024-06-08,7359.0,336.1,0.9666,0.0036,True,False,False,0,0,0,0
2024-06-09,4548.0,339.89,0.9464,0.0076,True,False,False,0,0,0,0
2024-06-10,12463.0,338.7,0.9753000000000001,0.0037,True,False,False,0,0,0,0
2024-06-11,11209.0,327.77,0.9459000000000001,0.006500000000000001,True,False,False,0,0,0,0
2024-06-12,10688.0,330.13,0.9135,0.0124,True,False,False,0,0,0,0
2024-06-13,10119.0,325.03,0.8022,0.0269,True,False,False,0,0,0,0
2024-06-14,11074.0,302.19,0.9731000000000001,0.0058,True,False,False,0,0,0,0
2024-06-15,7289.0,337.81,0.9329000000000001,0.0062,True,False,False,0,0,0,0
2024-06-16,3861.0,333.75,0.9832,0.0039000000000000003,True,False,False,0,0,0,0
2024-06-17,12420.0,321.09,0.9444,0.0072,True,False,False,0,0,0,0
2024-06-18,10759.0,330.06,0.8341,0.019299999999999998,True,False,False,0,0,0,0
2024-06-19,9655.0,342.58,0.8018000000000001,0.0339,True,False,False,0,0,0,0
2024-06-20,11249.0,325.05,0.8234,0.0325,True,False,False,0,0,0,0
2024-06-21,11260.0,296.89,0.767,0.033,True,False,False,0,0,0,0
2024-06-22,7073.0,343.0,0.8665999999999999,0.015600000000000001,True,False,False,0,0,0,0
2024-06-23,4726.0,324.03,0.9528,0.0059,True,False,False,0,0,0,0
2024-06-24,12089.0,329.46,0.9290999999999999,0.0079,True,False,False,0,0,0,0
2024-06-25,11816.0,326.56,0.8384,0.013300000000000001,True,False,False,0,0,0,0
2024-06-26,10808.0,320.11,0.8262999999999999,0.0147,True,False,False,0,0,0,0
2024-06-27,11070.0,312.24,0.7817000000000001,0.0258,True,False,False,0,0,0,0
2024-06-28,10517.0,288.81,0.8193,0.0264,True,False,False,0,0,0,0
2024-06-29,6952.0,317.96,0.8517,0.0144,True,False,False,0,0,0,0
2024-06-30,4466.0,343.54,0.8081,0.025099999999999997,True,False,False,0,0,0,0
2024-07-01,13539.0,336.56,0.9279999999999999,0.0073,True,False,False,0,0,0,0
2024-07-02,11789.0,334.68,0.8103,0.02,True,False,False,0,0,0,0
2024-07-03,11564.0,339.5,0.7187,0.0361,True,False,False,0,0,0,0
2024-07-04,4858.0,342.55,0.8295,0.0194,True,False,False,0,0,0,0
2024-07-05,11932.0,317.82,0.8609,0.0184,True,False,False,0,0,0,0
2024-07-06,7288.0,297.87,0.9376000000000001,0.01,True,False,False,0,0,0,0
2024-07-07,4733.0,336.3,0.9028,0.013999999999999999,True,False,False,0,0,0,0
2024-07-08,13865.0,341.78,0.9111,0.0089,True,False,False,0,0,0,0
2024-07-09,12003.0,337.15,0.8767,0.0148,True,False,False,0,0,0,0
2024-07-10,11288.0,337.94,0.8442000000000001,0.0172,True,False,False,0,0,0,0
2024-07-11,11376.0,335.15,0.8201,0.022400000000000003,True,False,False,0,0,0,0
2024-07-12,10779.0,318.08,0.8626999999999999,0.0151,True,False,False,0,0,0,0
2024-07-13,6696.0,283.38,0.9632999999999999,0.0068000000000000005,True,False,False,0,0,0,0
2024-07-14,4607.0,332.86,0.8046,0.0183,True,False,False,0,0,0,0
2024-07-15,11868.0,342.28,0.8715,0.013000000000000001,True,False,False,0,0,0,0
2024-07-16,10275.0,333.19,0.8576,0.0167,True,False,False,0,0,0,0
2024-07-17,11140.0,343.89,0.8117,0.0235,True,False,False,0,0,0,0
2024-07-18,10300.0,337.02,0.9124,0.0103,True,False,False,0,0,0,0
2024-07-19,10393.0,313.82,0.7712,0.049699999999999994,True,False,False,0,0,0,0
2024-07-20,7637.0,297.83,0.8267,0.0159,True,False,False,0,0,0,0
2024-07-21,4689.0,334.03,0.8284,0.0163,True,False,False,0,0,0,0
2024-07-22,11666.0,330.63,0.8891,0.0104,True,False,False,0,0,0,0
2024-07-23,11087.0,335.72,0.8764,0.0116,True,False,False,0,0,0,0
2024-07-24,10197.0,336.73,0.8093,0.021400000000000002,True,False,False,0,0,0,0
2024-07-25,10599.0,330.44,0.9423999999999999,0.0083,True,False,False,0,0,0,0
2024-07-26,9744.0,308.7,0.8051,0.030899999999999997,True,False,False,0,0,0,0
2024-07-27,7184.0,288.53,0.9570000000000001,0.0103,True,False,False,0,0,0,0
2024-07-28,4263.0,331.35,0.8619,0.0121,True,False,False,0,0,0,0
2024-07-29,12167.0,321.44,0.8578,0.011000000000000001,True,False,False,0,0,0,0
2024-07-30,10481.0,337.77,0.9131,0.0075,True,False,False,0,0,0,0
2024-07-31,10131.0,332.51,0.9449,0.0077,True,False,False,0,0,0,0
2024-08-01,11272.0,332.84,0.9118999999999999,0.0092,True,False,False,0,0,0,0
2024-08-02,12391.0,346.19,0.9098,0.0101,True,False,False,0,0,0,0
2024-08-03,8387.0,330.31,0.8284999999999999,0.0212,True,False,False,0,0,0,0
2024-08-04,5500.0,308.18,0.9593,0.0052,True,False,False,0,0,0,0
2024-08-05,13735.0,345.93,0.8728,0.0115,True,False,False,0,0,0,0
2024-08-06,11490.0,335.72,0.9503,0.0059,True,False,False,0,0,0,0
2024-08-07,10664.0,335.86,0.9473999999999999,0.0063,True,False,False,0,0,0,0
2024-08-08,10556.0,327.5,0.9514,0.0049,True,False,False,0,0,0,0
2024-08-09,10462.0,333.8,0.8288,0.0239,True,False,False,0,0,0,0
2024-08-10,7261.0,328.17,0.7958,0.0365,True,False,False,0,0,0,0
2024-08-11,4706.0,292.6,0.9213,0.009000000000000001,True,False,False,0,0,0,0
2024-08-12,11125.0,338.67,0.8946999999999999,0.008199999999999999,True,False,False,0,0,0,0
2024-08-13,9884.0,338.24,0.8881999999999999,0.0091,True,False,False,0,0,0,0
2024-08-14,10032.0,330.78,0.9539,0.0043,True,False,False,0,0,0,0
2024-08-15,9752.0,334.6,0.9586,0.0058,True,False,False,0,0,0,0
2024-08-16,9956.0,327.31,0.9498000000000001,0.0055000000000000005,True,False,False,0,0,0,0
2024-08-17,6987.0,326.63,0.9693999999999999,0.0060999999999999995,True,False,False,0,0,0,0
2024-08-18,4342.0,304.9,0.9031,0.0147,True,False,False,0,0,0,0
2024-08-19,10811.0,343.49,0.8668,0.037000000000000005,True,False,False,0,0,0,0
2024-08-20,10138.0,351.8,0.8525,0.018000000000000002,True,False,False,0,0,0,0
2024-08-21,9962.0,333.1,0.8172,0.0246,True,False,False,0,0,0,0
2024-08-22,9427.0,329.56,0.9129999999999999,0.0070999999999999995,True,False,False,0,0,0,0
2024-08-23,10178.0,336.92,0.8210999999999999,0.0174,True,False,False,0,0,0,0
2024-08-24,6535.0,325.41,0.8512000000000001,0.0281,True,False,False,0,0,0,0
2024-08-25,4677.0,282.2,0.9281,0.0088,True,False,False,0,0,0,0
2024-08-26,10563.0,332.89,0.9418000000000001,0.0060999999999999995,True,False,False,0,0,0,0
2024-08-27,10300.0,322.95,0.9459000000000001,0.005,True,False,False,0,0,0,0
2024-08-28,9587.0,323.46,0.9786,0.0033,True,False,False,0,0,0,0
2024-08-29,8758.0,336.14,0.7726999999999999,0.0269,True,False,False,0,0,0,0
2024-08-30,9961.0,336.52,0.7108,0.0449,True,False,False,0,0,0,0
2024-08-31,6918.0,324.99,0.7913,0.0395,True,False,False,0,0,0,0
2024-09-01,4494.0,318.5,0.8756,0.0191,True,False,False,0,0,0,0
2024-09-02,11124.0,294.7,0.9852,0.0037,True,False,False,1,1,1,0
2024-09-03,9989.0,323.915,0.92345,0.047,True,False,False,1,1,1,0
2024-09-04,10251.0,334.95,0.8608,0.0265,True,False,False,1,1,1,0
2024-09-05,9411.0,334.47,0.8249,0.028399999999999998,True,False,False,1,1,1,0
2024-09-06,9822.0,328.44,0.9093000000000001,0.0184,True,False,False,1,1,1,0
2024-09-07,6763.0,317.11,0.8931999999999999,0.0168,True,False,False,1,1,1,0
2024-09-08,4296.5,317.175,0.9095,0.015,True,False,False,1,1,1,0
2024-09-09,11124.0,294.7,0.9852,0.0052,True,False,False,1,1,1,0
2024-09-10,9989.0,323.915,0.92345,0.0169,True,False,False,1,1,1,0
2024-09-11,10251.0,334.95,0.8608,0.0124,True,False,False,1,1,1,0
2024-09-12,9470.0,334.47,0.8249,0.0196,True,False,False,0,0,0,0
2024-09-13,9247.0,323.5,0.8177,0.0232,True,False,False,0,0,0,0
2024-09-14,6890.0,311.43,0.8725,0.0165,True,False,False,0,0,0,0
2024-09-15,4298.0,315.85,0.9181999999999999,0.0126,True,False,False,0,0,0,0
2024-09-16,10854.0,294.7,0.9852,0.005600000000000001,True,False,False,0,0,0,0
2024-09-17,10294.0,332.22,0.8711,0.015300000000000001,True,False,False,0,0,0,0
2024-09-18,9981.0,332.82,0.8365,0.0187,True,False,False,0,0,0,0
2024-09-19,9411.0,346.59,0.8236,0.0215,True,False,False,0,0,0,0
2024-09-20,10018.0,337.7,0.9093000000000001,0.0129,True,False,False,0,0,0,0
2024-09-21,6663.0,331.33,0.9289000000000001,0.0087,True,False,False,0,0,0,0
2024-09-22,4295.0,307.7,0.9451999999999999,0.008100000000000001,True,False,False,0,0,0,0
2024-09-23,11124.0,282.99,0.9876999999999999,0.0034999999999999996,True,False,False,0,0,0,0
2024-09-24,9684.0,315.61,0.9758,0.0049,True,False,False,0,0,0,0
2024-09-25,10521.0,337.08,0.8851,0.0121,True,False,False,0,0,0,0
2024-09-26,9371.0,331.98,0.885,0.009399999999999999,True,False,False,0,0,0,0
2024-09-27,9822.0,328.44,0.9405,0.009399999999999999,True,False,False,0,0,0,0
2024-09-28,6763.0,317.11,0.8931999999999999,0.0128,True,False,False,0,0,0,0
2024-09-29,4127.0,334.03,0.9007999999999999,0.0106,True,False,False,0,0,0,0
2024-09-30,11613.0,337.78,0.7696,0.0326,True,False,False,0,0,0,0
2024-10-01,11492.0,316.19,0.8565999999999999,0.0199,True,False,False,0,0,0,0
2024-10-02,11169.0,304.11,0.8895000000000001,0.0151,True,False,False,0,0,0,0
2024-10-03,11589.0,340.82,0.8379000000000001,0.014499999999999999,True,False,False,0,0,0,0
2024-10-04,11466.0,339.47,0.9545,0.0062,True,False,False,0,0,0,0
2024-10-05,8178.0,331.58,0.9845,0.0032,True,False,False,0,0,0,0
2024-10-06,5094.0,330.31,0.9859,0.0079,True,False,False,0,0,0,0
2024-10-07,12899.0,335.53,0.9506,0.005699999999999999,True,False,False,0,0,0,0
2024-10-08,11424.0,322.18,0.9551999999999999,0.006,True,False,False,0,0,0,0
2024-10-09,10108.0,295.39,0.9954999999999999,0.0033,True,False,False,0,0,0,0
2024-10-10,10457.0,335.27,0.9240999999999999,0.0074,True,False,False,0,0,0,0
2024-10-11,10640.0,330.02,0.9836,0.0037,True,False,False,0,0,0,0
2024-10-12,7298.0,327.99,0.9439,0.0068000000000000005,True,False,False,0,0,0,0
2024-10-13,4930.0,336.58,0.9227,0.008,True,False,False,0,0,0,0
2024-10-14,11387.0,334.35,0.8726999999999999,0.011399999999999999,True,False,False,0,0,0,0
2024-10-15,9889.0,322.97,0.9098999999999999,0.0144,True,False,False,0,0,0,0
2024-10-16,10672.0,305.49,0.9639,0.0059,True,False,False,0,0,0,0
2024-10-17,10433.0,344.33,0.9442,0.0062,True,False,False,0,0,0,0
2024-10-18,10498.0,337.03,0.9208,0.0105,True,False,False,0,0,0,0
2024-10-19,7057.0,333.05,0.9272,0.0072,True,False,False,0,0,0,0
2024-10-20,5068.0,340.04,0.9593,0.004699999999999999,True,False,False,0,0,0,0
2024-10-21,10867.0,334.85,0.8987999999999999,0.026699999999999998,True,False,False,0,0,0,0
2024-10-22,9716.0,329.43,0.8742,0.013300000000000001,True,False,False,0,0,0,0
2024-10-23,10100.0,299.85,0.9898,0.0043,True,False,False,0,0,0,0
2024-10-24,9442.0,313.8,0.9906999999999999,0.004,True,False,False,0,0,0,0
2024-10-25,10008.0,336.74,0.8875,0.0103,True,False,False,0,0,0,0
2024-10-26,6852.0,331.46,0.909,0.019799999999999998,True,False,False,0,0,0,0
2024-10-27,4832.0,322.69,0.9023,0.0083,True,False,False,0,0,0,0
2024-10-28,10933.0,326.06,0.8273999999999999,0.012199999999999999,True,False,False,0,0,0,0
2024-10-29,10085.0,310.67,0.8362,0.019,True,False,False,0,0,0,0
2024-10-30,9196.0,311.58,0.9849,0.0052,True,False,False,0,0,0,0
2024-10-31,9070.0,299.57,0.9861,0.0039000000000000003,True,False,False,0,0,0,0
2024-11-01,11480.0,337.56,0.8905,0.0118,True,False,False,0,0,0,0
2024-11-02,8526.0,337.51,0.9190999999999999,0.0073,True,False,False,0,0,0,0
2024-11-03,5750.0,335.05,0.9270999999999999,0.011000000000000001,True,False,False,0,0,0,0
2024-11-04,12755.0,357.34,0.9388,0.0101,True,False,False,0,0,0,0
2024-11-05,10810.0,356.93,0.904,0.0131,True,False,False,0,0,0,0
2024-11-06,10352.0,318.89,0.9590000000000001,0.008199999999999999,True,False,False,0,0,0,0
2024-11-07,10939.0,293.97,0.9567,0.0079,True,False,False,0,0,0,0
2024-11-08,11430.0,357.9,0.8133,0.0187,True,False,False,0,0,0,0
2024-11-09,8030.0,350.34,0.8584,0.0189,True,False,False,0,0,0,0
2024-11-10,5404.0,342.25,0.8255,0.0182,True,False,False,0,0,0,0
2024-11-11,10465.0,343.12,0.8798999999999999,0.0154,True,False,False,0,0,0,0
2024-11-12,10907.0,335.88,0.8312999999999999,0.0206,True,False,False,0,0,0,0
2024-11-13,11460.0,307.67,0.9054000000000001,0.0151,True,False,False,0,0,0,0
2024-11-14,11200.0,291.45,0.9668000000000001,0.0073,True,False,False,0,0,0,0
2024-11-15,10795.0,353.17,0.8698,0.0146,True,False,False,0,0,0,0
2024-11-16,7668.0,355.04,0.88,0.0155,True,False,False,0,0,0,0
2024-11-17,5232.0,334.96,0.871,0.0167,True,False,False,0,0,0,0
2024-11-18,11639.0,354.35,0.7845,0.0287,True,False,False,0,0,0,0
2024-11-19,10876.0,354.32,0.8344,0.0246,True,False,False,0,0,0,0
2024-11-20,11362.0,322.31,0.9018999999999999,0.0123,True,False,False,0,0,0,0
2024-11-21,10987.0,300.88,0.9823999999999999,0.0042,True,False,False,0,0,0,0
2024-11-22,11288.0,343.43,0.8785,0.0163,True,False,False,0,0,0,0
2024-11-23,8956.0,341.92,0.8473999999999999,0.021400000000000002,True,False,False,0,0,0,0
2024-11-24,5605.0,334.99,0.8726,0.018500000000000003,True,False,False,0,0,0,0
2024-11-25,12253.0,337.05,0.8367,0.0212,True,False,False,0,0,0,0
2024-11-26,10805.0,321.7,0.9072,0.0141,True,False,False,0,0,0,0
2024-11-27,10294.0,307.83,0.9204000000000001,0.0088,True,False,False,0,0,0,0
2024-11-28,1140.0,288.72,0.9739,0.006500000000000001,True,False,False,0,0,0,0
2024-11-29,14038.0,314.81,0.9708,0.004,True,False,False,0,0,0,0
2024-11-30,9827.0,333.38,0.9309999999999999,0.008100000000000001,True,False,False,0,0,0,0
2024-12-01,6702.0,333.51,0.9375,0.0064,True,False,False,0,0,0,0
2024-12-02,16467.0,336.96,0.9736,0.004,True,False,False,0,0,0,0
2024-12-03,14486.0,337.35,0.9266,0.0069,True,False,False,0,0,0,0
2024-12-04,12987.0,339.01,0.9288,0.0069,True,False,False,0,0,0,0
2024-12-05,13248.0,324.64,0.8951,0.013000000000000001,True,False,False,0,0,0,0
2024-12-06,12372.0,306.37,0.9434999999999999,0.0115,True,False,False,0,0,0,0
2024-12-07,9082.0,345.44,0.9806999999999999,0.0032,True,False,False,0,0,0,0
2024-12-08,6557.0,341.51,0.9643999999999999,0.0036,True,False,False,0,0,0,0
2024-12-09,13198.0,333.28,0.9118,0.0118,True,False,False,0,0,0,0
2024-12-10,12512.0,336.79,0.9384,0.0083,True,False,False,0,0,0,0
2024-12-11,12672.0,331.23,0.9009999999999999,0.0102,True,False,False,0,0,0,0
2024-12-12,12470.0,317.71,0.8042,0.0331,True,False,False,0,0,0,0
2024-12-13,11852.0,305.95,0.9837,0.0063,True,False,False,0,0,0,0
2024-12-14,9872.0,344.6,0.9068999999999999,0.0060999999999999995,True,False,False,0,0,0,0
2024-12-15,7389.0,336.57,0.9548000000000001,0.0043,True,False,False,0,0,0,0
2024-12-16,13249.0,340.78,0.9243000000000001,0.008199999999999999,True,False,False,0,0,0,0
2024-12-17,12597.0,330.33,0.9791,0.0033,True,False,False,0,0,0,0
2024-12-18,12396.0,328.56,0.762,0.0358,True,False,False,0,0,0,0
2024-12-19,11604.0,318.11,0.8323999999999999,0.027999999999999997,True,False,False,0,0,0,0
2024-12-20,12118.0,312.85,0.9423999999999999,0.0052,True,False,False,0,0,0,0
2024-12-21,9945.0,345.47,0.8929,0.0091,True,False,False,0,0,0,0
2024-12-22,7267.0,335.85,0.981,0.0028000000000000004,True,False,False,0,0,0,0
2024-12-23,13590.0,330.09,0.9619,0.0045000000000000005,True,False,False,0,0,0,0
2024-12-24,7991.0,325.84,0.9626,0.005699999999999999,True,False,False,0,0,0,0
2024-12-25,716.0,327.76,0.8773000000000001,0.0116,True,False,False,0,0,0,0
2024-12-26,12470.0,318.11,0.8323999999999999,0.027999999999999997,True,False,False,1,1,1,1
2024-12-27,12118.0,306.37,0.9434999999999999,0.0063,True,False,False,1,1,1,1
2024-12-28,8175.0,345.44,0.9068999999999999,0.0168,True,False,False,0,1,1,0
2024-12-29,4550.0,336.21000000000004,0.9596,0.0118,True,False,False,0,1,1,0
2024-12-30,12031.0,335.12,0.9431,0.0077,True,False,False,0,1,1,0
2024-12-31,8900.0,333.56,0.9505,0.0102,True,False,False,0,1,1,0
2025-01-01,4185.0,339.42,0.898,0.006999999999999999,True,False,False,0,1,1,0
2025-01-02,13608.0,333.74,0.8993500000000001,0.0115,True,False,False,0,1,1,0
2025-01-03,13256.0,332.725,0.87975,0.0054,True,False,False,0,1,1,0
2025-01-04,8131.0,312.01,0.9238,0.0053,True,False,False,0,1,1,0
2025-01-05,5141.0,297.18,0.9247,0.0308,True,False,False,0,1,1,0
2025-01-06,12566.0,357.15,0.9009,0.0101,True,False,False,0,0,0,0
2025-01-07,11916.0,355.89,0.8576999999999999,0.0189,True,False,False,0,0,0,0
2025-01-08,11943.0,346.24,0.898,0.0144,True,False,False,0,0,0,0
2025-01-09,9848.0,341.41,0.9361,0.0124,True,False,False,0,0,0,0
2025-01-10,10329.0,318.76,0.9545,0.0063,True,False,False,0,0,0,0
2025-01-11,7859.0,295.2,0.9704999999999999,0.0059,True,False,False,0,0,0,0
2025-01-12,4960.0,348.98,0.8867,0.0121,True,False,False,0,0,0,0
2025-01-13,11913.0,342.95,0.9111,0.0097,True,False,False,0,0,0,0
2025-01-14,11460.0,340.17,0.863,0.021,True,False,False,0,0,0,0
2025-01-15,11389.0,342.76,0.8934000000000001,0.0144,True,False,False,0,0,0,0
2025-01-16,10391.0,333.87,0.89,0.04769999999999999,True,False,False,0,0,0,0
2025-01-17,10798.0,311.21,0.8303,0.0208,True,False,False,0,0,0,0
2025-01-18,7223.0,305.52,0.9484999999999999,0.0096,True,False,False,0,0,0,0
2025-01-19,4248.0,349.68,0.8406,0.0187,True,False,False,0,0,0,0
2025-01-20,9157.0,342.98,0.8427,0.0181,True,False,False,0,0,0,0
2025-01-21,10177.0,332.18,0.8797,0.0137,True,False,False,0,0,0,0
2025-01-22,10344.0,342.53,0.9034,0.014199999999999999,True,False,False,0,0,0,0
2025-01-23,10632.0,331.03,0.924,0.0097,True,False,False,0,0,0,0
2025-01-24,10094.0,309.82,0.9001,0.0128,True,False,False,0,0,0,0
2025-01-25,7589.0,292.6,0.9492,0.0060999999999999995,True,False,False,0,0,0,0
2025-01-26,4095.0,338.61,0.8918,0.0109,True,False,False,0,0,0,0
2025-01-27,10999.0,329.78,0.8631,0.0134,True,False,False,0,0,0,0
2025-01-28,10207.0,317.53,0.8822,0.0105,True,False,False,0,0,0,0
2025-01-29,9073.0,335.41,0.8587,0.043899999999999995,True,False,False,0,0,0,0
2025-01-30,9103.0,333.31,0.9087000000000001,0.009899999999999999,True,False,False,0,0,0,0
2025-01-31,9932.0,329.99,0.9189,0.0147,True,False,False,0,0,0,0
2025-02-01,7615.0,308.74,0.9638,0.0064,True,False,False,0,0,0,0
2025-02-02,5069.0,317.56,0.8492000000000001,0.0268,True,False,False,0,0,0,0
2025-02-03,12464.0,295.32,0.9228000000000001,0.0118,True,False,False,0,0,0,0
2025-02-04,10677.0,344.31,0.7055,0.0339,True,False,False,0,0,0,0
2025-02-05,10567.0,337.93,0.9179999999999999,0.011200000000000002,True,False,False,0,0,0,0
2025-02-06,9957.0,335.22,0.8881999999999999,0.0137,True,False,False,0,0,0,0
2025-02-07,9692.0,343.41,0.89,0.0132,True,False,False,0,0,0,0
2025-02-08,6919.0,336.74,0.9415,0.0078000000000000005,True,False,False,0,0,0,0
2025-02-09,3900.0,318.37,0.868,0.0184,True,False,False,0,0,0,0
2025-02-10,10221.0,296.45,0.9809,0.0063,True,False,False,0,0,0,0
2025-02-11,9829.0,337.02,0.9312999999999999,0.0073,True,False,False,0,0,0,0
2025-02-12,9660.0,336.41,0.941,0.0060999999999999995,True,False,False,0,0,0,0
2025-02-13,9420.0,324.22,0.7646,0.0392,True,False,False,0,0,0,0
2025-02-14,9552.0,338.15,0.8634000000000001,0.0148,True,False,False,0,0,0,0
2025-02-15,6510.0,330.85,0.8855,0.0129,True,False,False,0,0,0,0
2025-02-16,3924.0,328.1,0.8365,0.0168,True,False,False,0,0,0,0
2025-02-17,9059.0,302.87,0.8995000000000001,0.016399999999999998,True,False,False,0,0,0,0
2025-02-18,9134.0,346.23,0.711,0.0345,True,False,False,0,0,0,0
2025-02-19,9292.0,338.55,0.8861,0.0083,True,False,False,0,0,0,0
2025-02-20,9831.0,336.11,0.8991,0.0106,True,False,False,0,0,0,0
2025-02-21,9096.0,332.34,0.9312999999999999,0.0062,True,False,False,0,0,0,0
2025-02-22,6310.0,324.57,0.8678,0.0111,True,False,False,0,0,0,0
2025-02-23,4220.0,321.82,0.8106,0.0241,True,False,False,0,0,0,0
2025-02-24,9793.0,289.1,0.8909,0.018500000000000003,True,False,False,0,0,0,0
2025-02-25,9388.0,331.88,0.8079999999999999,0.016399999999999998,True,False,False,0,0,0,0
2025-02-26,9184.0,322.98,0.9117000000000001,0.011000000000000001,True,False,False,0,0,0,0
2025-02-27,9182.0,324.92,0.8819,0.013300000000000001,True,False,False,0,0,0,0
2025-02-28,9732.0,316.15,0.8883,0.0134,True,False,False,0,0,0,0
2025-03-01,7373.0,334.48,0.9369,0.0092,True,False,False,0,0,0,0
2025-03-02,5032.0,329.15,0.8845999999999999,0.019799999999999998,True,False,False,0,0,0,0
2025-03-03,12153.0,315.64,0.9009999999999999,0.0152,True,False,False,0,0,0,0
2025-03-04,9625.0,297.99,0.9364,0.008199999999999999,True,False,False,0,0,0,0
2025-03-05,10048.0,348.19,0.8186,0.0277,True,False,False,0,0,0,0
2025-03-06,9558.0,345.08,0.8637,0.0184,True,False,False,0,0,0,0
2025-03-07,8930.0,338.44,0.9022,0.0148,True,False,False,0,0,0,0
2025-03-08,6594.0,333.59,0.8970999999999999,0.0138,True,False,False,0,0,0,0
2025-03-09,4039.0,336.84,0.8909,0.0167,True,False,False,0,0,0,0
2025-03-10,9723.0,312.83,0.909,0.0113,True,False,False,0,0,0,0
2025-03-11,9460.0,296.98,0.9559000000000001,0.006999999999999999,True,False,False,0,0,0,0
2025-03-12,8880.0,338.61,0.9255,0.0129,True,False,False,0,0,0,0
2025-03-13,8253.0,332.56,0.9335,0.015600000000000001,True,False,False,0,0,0,0
2025-03-14,8574.0,332.97,0.9551999999999999,0.0087,True,False,False,0,0,0,0
2025-03-15,5954.0,337.75,0.9214,0.0109,True,False,False,0,0,0,0
2025-03-16,3820.0,336.25,0.893,0.018799999999999997,True,False,False,0,0,0,0
2025-03-17,9564.0,317.86,0.8055,0.0316,True,False,False,0,0,0,0
2025-03-18,8486.0,316.56,0.9608,0.0062,True,False,False,0,0,0,0
2025-03-19,8451.0,352.92,0.8656999999999999,0.0286,True,False,False,0,0,0,0
2025-03-20,9087.0,339.56,0.8755,0.0195,True,False,False,0,0,0,0
2025-03-21,8572.0,341.16,0.8625,0.0717,True,False,False,0,0,0,0
2025-03-22,5965.0,348.34,0.8969,0.0118,True,False,False,0,0,0,0
2025-03-23,4327.0,315.19,0.9412999999999999,0.021099999999999997,True,False,False,0,0,0,0
2025-03-24,9478.0,310.44,0.9173,0.0143,True,False,False,0,0,0,0
2025-03-25,8959.0,302.38,0.9618000000000001,0.008100000000000001,True,False,False,0,0,0,0
2025-03-26,8378.0,335.12,0.9453,0.0083,True,False,False,0,0,0,0
2025-03-27,8514.0,337.31,0.9148999999999999,0.0108,True,False,False,0,0,0,0
2025-03-28,8449.0,335.39,0.9181,0.0115,True,False,False,0,0,0,0
2025-03-29,5740.0,330.02,0.9286,0.0096,True,False,False,0,0,0,0
2025-03-30,3643.0,314.93,0.8081999999999999,0.0276,True,False,False,0,0,0,0
2025-03-31,9563.0,303.15,0.8432999999999999,0.032,True,False,False,0,0,0,0
2025-04-01,9723.0,332.87,0.7325,0.056600000000000004,True,False,False,0,0,0,0
2025-04-02,9144.0,321.06,0.7779,0.0361,True,False,False,0,0,0,0
2025-04-03,9731.0,302.79,0.8722,0.0183,True,False,False,0,0,0,0
2025-04-04,8861.0,342.02,0.8223,0.0206,True,False,False,0,0,0,0
2025-04-05,6701.0,341.56,0.8851,0.011699999999999999,True,False,False,0,0,0,0
2025-04-06,4054.0,345.7,0.9431,0.0076,True,False,False,0,0,0,0
2025-04-07,10208.0,341.24,0.9347,0.006999999999999999,True,False,False,0,0,0,0
2025-04-08,9415.0,342.28,0.8828,0.0165,True,False,False,0,0,0,0
2025-04-09,9081.0,323.22,0.9126000000000001,0.015,True,False,False,0,0,0,0
2025-04-10,8458.0,298.19,0.9883,0.0091,True,False,False,0,0,0,0
2025-04-11,9084.0,340.92,0.9505,0.0113,True,False,False,0,0,0,0
2025-04-12,6088.0,337.49,0.9813,0.0073,True,False,False,0,0,0,0
2025-04-13,3886.0,339.68,0.9786,0.0089,True,False,False,0,0,0,0
2025-04-14,9688.0,340.1,0.9837,0.006,True,False,False,0,0,0,0
2025-04-15,9166.0,340.6,0.9144,0.0084,True,False,False,0,0,0,0
2025-04-16,9131.0,316.83,0.8416,0.0231,True,False,False,0,0,0,0
2025-04-17,8766.0,309.94,0.9094,0.016,True,False,False,0,0,0,0
2025-04-18,8324.0,348.2,0.8714,0.0108,True,False,False,0,0,0,0
2025-04-19,6191.0,340.18,0.8161,0.0296,True,False,False,0,0,0,0
2025-04-20,2388.0,339.3,0.7592,0.0417,True,False,False,0,0,0,0
2025-04-21,9800.0,337.27,0.7548999999999999,0.0339,True,False,False,0,0,0,0
2025-04-22,9179.0,337.4,0.8253,0.0168,True,False,False,0,0,0,0
2025-04-23,9415.0,315.73,0.7818,0.0322,True,False,False,0,0,0,0
2025-04-24,8477.0,299.16,0.895,0.0149,True,False,False,0,0,0,0
2025-04-25,8852.0,332.62,0.8706,0.0097,True,False,False,0,0,0,0
2025-04-26,6159.0,334.54,0.9097,0.0115,True,False,False,0,0,0,0
2025-04-27,4072.0,332.38,0.9437000000000001,0.0069,True,False,False,0,0,0,0
2025-04-28,9736.0,330.66,0.9366,0.0077,True,False,False,0,0,0,0
2025-04-29,8455.0,323.7,0.807,0.0172,True,False,False,0,0,0,0
2025-04-30,8924.0,310.38,0.8464,0.0187,True,False,False,0,0,0,0
2025-05-01,9527.0,287.11,0.9856,0.004,True,False,False,0,0,0,0
2025-05-02,10385.0,317.38,0.9323999999999999,0.011399999999999999,True,False,False,0,0,0,0
2025-05-03,6700.0,316.75,0.9653,0.011000000000000001,True,False,False,0,0,0,0
2025-05-04,4558.0,347.53,0.7917000000000001,0.0241,True,False,False,0,0,0,0
2025-05-05,11371.0,351.91,0.9118999999999999,0.0132,True,False,False,0,0,0,0
2025-05-06,9976.0,346.91,0.8806,0.0152,True,False,False,0,0,0,0
2025-05-07,9005.0,352.0,0.8863,0.011000000000000001,True,False,False,0,0,0,0
2025-05-08,8998.0,321.39,0.8618000000000001,0.0161,True,False,False,0,0,0,0
2025-05-09,9127.0,300.71,0.9887999999999999,0.0028000000000000004,True,False,False,0,0,0,0
2025-05-10,6510.0,349.68,0.9209,0.0091,True,False,False,0,0,0,0
2025-05-11,3358.0,351.11,0.8975,0.0106,True,False,False,0,0,0,0
2025-05-12,9774.0,342.89,0.9445,0.0085,True,False,False,0,0,0,0
2025-05-13,8564.0,339.11,0.9013,0.016399999999999998,True,False,False,0,0,0,0
2025-05-14,8995.0,339.6,0.9398000000000001,0.009300000000000001,True,False,False,0,0,0,0
2025-05-15,8646.0,315.41,0.8299,0.0326,True,False,False,0,0,0,0
2025-05-16,8324.0,299.81,0.9792000000000001,0.0033,True,False,False,0,0,0,0
2025-05-17,6169.0,355.1,0.9229999999999999,0.011000000000000001,True,False,False,0,0,0,0
2025-05-18,3930.0,348.97,0.8966,0.0149,True,False,False,0,0,0,0
2025-05-19,9698.0,344.39,0.8637,0.0147,True,False,False,0,0,0,0
2025-05-20,9118.0,353.91,0.9203,0.0125,True,False,False,0,0,0,0
2025-05-21,8859.0,339.32,0.8740000000000001,0.0235,True,False,False,0,0,0,0
2025-05-22,8538.0,327.79,0.9118,0.0123,True,False,False,0,0,0,0
2025-05-23,9208.0,308.86,0.963,0.0060999999999999995,True,False,False,0,0,0,0
2025-05-24,5811.0,347.52,0.9081999999999999,0.0092,True,False,False,0,0,0,0
2025-05-25,3935.0,346.21,0.9231999999999999,0.0104,True,False,False,0,0,0,0
2025-05-26,5494.0,340.85,0.826,0.043899999999999995,True,False,False,0,0,0,0
2025-05-27,9931.0,354.82,0.833,0.0239,True,False,False,0,0,0,0
2025-05-28,9550.0,334.28,0.8623000000000001,0.016399999999999998,True,False,False,0,0,0,0
2025-05-29,8822.0,312.65,0.8081999999999999,0.0271,True,False,False,0,0,0,0
2025-05-30,9361.0,309.2,0.8926999999999999,0.015,True,False,False,0,0,0,0
2025-05-31,6279.0,316.75,0.8803,0.0151,True,False,False,0,0,0,0
2025-06-01,4235.0,321.14,0.9881,0.005699999999999999,True,False,False,0,0,0,0
2025-06-02,10900.0,336.33,0.9174,0.0104,True,False,False,0,0,0,0
2025-06-03,10471.0,341.07,0.9269,0.010700000000000001,True,False,False,0,0,0,0
2025-06-04,9493.0,338.62,0.8234,0.0151,True,False,False,0,0,0,0
2025-06-05,9626.0,339.34,0.7492,0.044000000000000004,True,False,False,0,0,0,0
2025-06-06,9019.0,329.86,0.8348,0.0161,True,False,False,0,0,0,0
2025-06-07,5986.0,303.41,0.9847,0.0040999999999999995,True,False,False,0,0,0,0
2025-06-08,4099.0,354.93,0.7284,0.030899999999999997,True,False,False,0,0,0,0
2025-06-09,10145.0,338.43,0.8768,0.0118,True,False,False,0,0,0,0
2025-06-10,9172.0,337.68,0.8573000000000001,0.0146,True,False,False,0,0,0,0
2025-06-11,9394.0,339.78,0.8462999999999999,0.0139,True,False,False,0,0,0,0
2025-06-12,8365.0,335.2,0.8854000000000001,0.0118,True,False,False,0,0,0,0
2025-06-13,8477.0,322.08,0.7019,0.045700000000000005,True,False,False,0,0,0,0
2025-06-14,6491.0,300.35,0.9129999999999999,0.0134,True,False,False,0,0,0,0
2025-06-15,4350.5,335.68,0.9496,0.0218,True,False,False,1,1,1,0
2025-06-16,11494.5,334.31,0.9232499999999999,0.0106,True,False,False,1,1,1,0
2025-06-17,10759.0,336.2,0.8665,0.0212,True,False,False,1,1,1,0
2025-06-18,9655.0,338.62,0.8262999999999999,0.0313,True,False,False,1,1,1,0
2025-06-19,10119.0,326.19,0.8234,0.0184,True,False,False,1,1,1,0
2025-06-20,10517.0,303.42,0.8193,0.0144,True,False,False,1,1,1,0
2025-06-21,7012.5,327.03,0.9229499999999999,0.0059,True,False,False,1,1,1,0
2025-06-22,4350.5,335.68,0.9496,0.0179,True,False,False,1,1,1,0
2025-06-23,10537.0,353.44,0.8375,0.0169,True,False,False,0,0,0,0
2025-06-24,8851.0,336.2,0.8665,0.0191,True,False,False,0,0,0,0
2025-06-25,9518.0,337.83,0.8115000000000001,0.0217,True,False,False,0,0,0,0
2025-06-26,8556.0,326.6,0.8614,0.0165,True,False,False,0,0,0,0
2025-06-27,8513.0,313.85,0.7422,0.032799999999999996,True,False,False,0,0,0,0
2025-06-28,6105.0,296.48,0.9767,0.0053,True,False,False,0,0,0,0
2025-06-29,3606.0,324.44,0.892,0.0124,True,False,False,0,0,0,0
2025-06-30,9962.0,332.29,0.9162,0.0192,True,False,False,0,0,0,0
2025-07-01,10358.0,340.43,0.8554,0.0207,True,False,False,0,0,0,0
2025-07-02,9446.0,338.09,0.9129999999999999,0.0115,True,False,False,0,0,0,0
2025-07-03,9631.0,334.25,0.8604999999999999,0.02,True,False,False,0,0,0,0
2025-07-04,4225.0,336.54,0.8206,0.0315,True,False,False,0,0,0,0
2025-07-05,6267.0,322.42,0.8959,0.022099999999999998,True,False,False,0,0,0,0
2025-07-06,4076.0,313.34,0.9439,0.0092,True,False,False,0,0,0,0
2025-07-07,11100.0,339.68,0.9070999999999999,0.0138,True,False,False,0,0,0,0
2025-07-08,10246.0,339.0,0.8859999999999999,0.0146,True,False,False,0,0,0,0
2025-07-09,9843.0,341.11,0.9243000000000001,0.0098,True,False,False,0,0,0,0
2025-07-10,9242.0,341.67,0.8898,0.017,True,False,False,0,0,0,0
2025-07-11,8999.0,333.69,0.8809,0.0206,True,False,False,0,0,0,0
2025-07-12,6037.0,315.73,0.8748,0.0199,True,False,False,0,0,0,0
2025-07-13,3795.0,302.05,0.9823999999999999,0.0091,True,False,False,0,0,0,0
2025-07-14,10156.0,335.72,0.8931999999999999,0.0149,True,False,False,0,0,0,0
2025-07-15,9169.0,349.47,0.8998,0.0111,True,False,False,0,0,0,0
2025-07-16,9123.0,343.74,0.8504,0.016399999999999998,True,False,False,0,0,0,0
2025-07-17,9084.0,337.07,0.8761,0.0166,True,False,False,0,0,0,0
2025-07-18,8722.0,336.89,0.8812000000000001,0.0159,True,False,False,0,0,0,0
2025-07-19,5948.0,319.7,0.8665999999999999,0.013300000000000001,True,False,False,0,0,0,0
2025-07-20,4260.0,298.39,0.9632999999999999,0.0063,True,False,False,0,0,0,0
2025-07-21,9871.0,345.59,0.8806999999999999,0.011000000000000001,True,False,False,0,0,0,0
2025-07-22,9043.0,355.86,0.9017000000000001,0.0101,True,False,False,0,0,0,0
2025-07-23,9379.0,353.13,0.8611,0.018000000000000002,True,False,False,0,0,0,0
2025-07-24,8333.0,347.47,0.8186,0.0258,True,False,False,0,0,0,0
2025-07-25,8858.0,344.74,0.8946,0.0139,True,False,False,0,0,0,0
2025-07-26,5860.0,321.59,0.8214,0.036699999999999997,True,False,False,0,0,0,0
2025-07-27,4119.0,299.64,0.9698,0.005,True,False,False,0,0,0,0
2025-07-28,10493.0,351.38,0.9584,0.0074,True,False,False,0,0,0,0
2025-07-29,9637.0,343.93,0.8615999999999999,0.0139,True,False,False,0,0,0,0
2025-07-30,9308.0,338.98,0.9434999999999999,0.0084,True,False,False,0,0,0,0
2025-07-31,9912.0,344.61,0.89,0.0124,True,False,False,0,0,0,0
2025-08-01,12237.0,362.1,0.8631,0.0169,False,True,False,0,0,0,0
2025-08-02,8542.0,351.69,0.8856,0.0148,False,True,False,0,0,0,0
2025-08-03,5669.0,348.61,0.7995,0.0344,False,True,False,0,0,0,0
2025-08-04,12359.0,321.84,0.7995,0.0278,False,True,False,0,0,0,0
2025-08-05,11172.0,316.47,0.9211,0.011699999999999999,False,True,False,0,0,0,0
2025-08-06,10126.0,354.61,0.784,0.0236,False,True,False,0,0,0,0
2025-08-07,9715.0,347.4,0.9238,0.0087,False,True,False,0,0,0,0
2025-08-08,10058.0,348.7,0.9228000000000001,0.0076,False,True,False,0,0,0,0
2025-08-09,6669.0,347.13,0.9147,0.0085,False,True,False,0,0,0,0
2025-08-10,4412.0,346.89,0.826,0.0241,False,True,False,0,0,0,0
2025-08-11,10926.0,329.89,0.6496999999999999,0.068,False,True,False,0,0,0,0
2025-08-12,9408.0,329.92,0.8009000000000001,0.038,False,True,False,0,0,0,0
2025-08-13,9002.0,349.39,0.9293,0.008,False,True,False,0,0,0,0
2025-08-14,8774.0,348.82,0.8654000000000001,0.014199999999999999,False,True,False,0,0,0,0
2025-08-15,8793.0,342.93,0.7997,0.0242,False,True,False,0,0,0,0
2025-08-16,6247.0,341.85,0.8864,0.016200000000000003,False,True,False,0,0,0,0
2025-08-17,4432.0,346.82,0.7898999999999999,0.0287,False,True,False,0,0,0,0
2025-08-18,10515.0,330.83,0.7462000000000001,0.054400000000000004,False,True,False,0,0,0,0
2025-08-19,9578.0,313.05,0.9632999999999999,0.0067,False,True,False,0,0,0,0
2025-08-20,10023.0,343.81,0.7879,0.023,False,True,False,0,0,0,0
2025-08-21,9013.0,340.77,0.7906,0.0229,False,True,False,0,0,0,0
2025-08-22,8687.0,344.72,0.8025,0.026099999999999998,False,True,False,0,0,0,0
2025-08-23,6701.0,347.87,0.7575,0.0404,False,True,False,0,0,0,0
2025-08-24,4217.0,337.21,0.8692,0.0178,False,True,False,0,0,0,0
2025-08-25,10409.0,320.24,0.7535,0.043899999999999995,False,True,False,0,0,0,0
2025-08-26,8604.0,313.16,0.9445999999999999,0.0127,False,True,False,0,0,0,0
2025-08-27,8812.0,345.73,0.85,0.0165,False,True,False,0,0,0,0
2025-08-28,8436.0,340.9,0.8106,0.0216,False,True,False,0,0,0,0
2025-08-29,8670.0,331.26,0.9238,0.0074,False,True,False,0,0,0,0
2025-08-30,5883.0,332.82,0.9135,0.008199999999999999,False,True,False,0,0,0,0
2025-08-31,3483.0,320.95,0.8745,0.020499999999999997,False,True,False,0,0,0,0
2025-09-01,5837.0,352.25,0.8893000000000001,0.013999999999999999,False,False,True,0,0,0,0
2025-09-02,11231.0,318.71,0.8704999999999999,0.0178,False,False,True,0,0,0,0
2025-09-03,10921.0,307.04,0.8926000000000001,0.0183,False,False,True,0,0,0,0
2025-09-04,9728.0,366.65,0.7753,0.0279,False,False,True,0,0,0,0
2025-09-05,10128.0,357.72,0.9531000000000001,0.008,False,False,True,0,0,0,0
2025-09-06,6831.0,358.9,0.9325,0.0102,False,False,True,0,0,0,0
2025-09-07,3944.0,364.8,0.8859,0.0196,False,False,True,0,0,0,0
2025-09-08,10918.0,358.11,0.8798,0.0197,False,False,True,0,0,0,0
2025-09-09,9144.0,331.87,0.9002,0.0127,False,False,True,0,0,0,0
2025-09-10,9022.0,316.55,0.8662000000000001,0.012199999999999999,False,False,True,0,0,0,0
2025-09-11,8947.0,350.67,0.9273,0.0096,False,False,True,0,0,0,0
2025-09-12,8534.0,358.56,0.9229999999999999,0.0106,False,False,True,0,0,0,0
2025-09-13,6128.0,357.88,0.8338,0.0252,False,False,True,0,0,0,0
2025-09-14,4181.0,351.54,0.9054000000000001,0.016200000000000003,False,False,True,0,0,0,0
2025-09-15,9648.0,351.69,0.8983,0.0166,False,False,True,0,0,0,0
2025-09-16,8801.0,334.25,0.7743000000000001,0.0278,False,False,True,0,0,0,0
2025-09-17,8889.0,323.58,0.9258,0.0124,False,False,True,0,0,0,0
2025-09-18,8699.0,359.39,0.9111,0.0089,False,False,True,0,0,0,0
2025-09-19,8539.0,357.51,0.924,0.0086,False,False,True,0,0,0,0
2025-09-20,6546.0,356.47,0.8336,0.0191,False,False,True,0,0,0,0
2025-09-21,3885.0,359.54,0.8774,0.0171,False,False,True,0,0,0,0
2025-09-22,9579.0,335.16,0.9070999999999999,0.012199999999999999,False,False,True,0,0,0,0
2025-09-23,9140.0,337.41,0.7408,0.0501,False,False,True,0,0,0,0
2025-09-24,8554.0,317.66,0.8454999999999999,0.0219,False,False,True,0,0,0,0
2025-09-25,8935.0,345.18,0.9153,0.016200000000000003,False,False,True,0,0,0,0
2025-09-26,8576.0,339.6,0.9581999999999999,0.005699999999999999,False,False,True,0,0,0,0
2025-09-27,6036.0,333.87,0.9009,0.0113,False,False,True,0,0,0,0
2025-09-28,3795.0,291.86,0.8755,0.0281,False,False,True,0,0,0,0
2025-09-29,9380.0,320.5,0.9553,0.005600000000000001,False,False,True,0,0,0,0
2025-09-30,8608.0,309.43,0.9948999999999999,0.0044,False,False,True,0,0,0,0
2025-10-01,9837.0,334.48,0.6876000000000001,0.0703,False,False,True,0,0,0,0
2025-10-02,9800.0,320.97,0.8663,0.023799999999999998,False,False,True,0,0,0,0
2025-10-03,10095.0,363.46,0.4836,0.17800000000000002,False,False,True,0,0,0,0
2025-10-04,6365.0,359.44,0.6378,0.11710000000000001,False,False,True,0,0,0,0
2025-10-05,4448.0,357.59,0.7226,0.047400000000000005,False,False,True,0,0,0,0
2025-10-06,10722.0,350.84,0.8703,0.0176,False,False,True,0,0,0,0
2025-10-07,9573.0,355.6,0.7879,0.028399999999999998,False,False,True,0,0,0,0
2025-10-08,9755.0,331.61,0.8234999999999999,0.0222,False,False,True,0,0,0,0
2025-10-09,8981.0,323.14,0.8057,0.026099999999999998,False,False,True,0,0,0,0
2025-10-10,8859.0,373.83,0.7003,0.2327,False,False,True,0,0,0,0
2025-10-11,6416.0,368.0,0.887,0.0304,False,False,True,0,0,0,0
2025-10-12,4187.0,357.16,0.9704999999999999,0.005,False,False,True,0,0,0,0
2025-10-13,9290.0,355.65,0.9716,0.005699999999999999,False,False,True,0,0,0,0
2025-10-14,9167.0,360.78,0.9428,0.005600000000000001,False,False,True,0,0,0,0
2025-10-15,9217.0,340.64,0.9397,0.0084,False,False,True,0,0,0,0
2025-10-16,8837.0,323.29,0.9562,0.0068000000000000005,False,False,True,0,0,0,0
2025-10-17,9714.0,360.81,0.9586,0.0048,False,False,True,0,0,0,0
2025-10-18,6818.0,356.97,0.9765,0.0067,False,False,True,0,0,0,0
2025-10-19,4200.0,368.51,0.9889,0.0027,False,False,True,0,0,0,0
2025-10-20,10876.0,355.21,0.9859,0.0031,False,False,True,0,0,0,0
2025-10-21,9452.0,354.44,0.985,0.003,False,False,True,0,0,0,0
2025-10-22,9410.0,327.52,0.8945000000000001,0.015600000000000001,False,False,True,0,0,0,0
2025-10-23,9812.0,319.64,0.9878,0.0039000000000000003,False,False,True,0,0,0,0
2025-10-24,9294.0,357.59,0.9887999999999999,0.0024,False,False,True,0,0,0,0
2025-10-25,6538.0,344.48,0.9945999999999999,0.0025,False,False,True,0,0,0,0
2025-10-26,3930.0,339.25,0.998,0.0018,False,False,True,0,0,0,0
2025-10-27,10145.0,318.68,0.9690000000000001,0.0088,False,False,True,0,0,0,0
2025-10-28,9422.0,324.27,0.9934999999999999,0.0029,False,False,True,0,0,0,0
2025-10-29,8086.0,319.41,0.993,0.0045000000000000005,False,False,True,0,0,0,0
2025-10-30,8334.0,294.7,0.9963,0.0045000000000000005,False,False,True,0,0,0,0
2025-10-31,8358.0,319.5,0.9778,0.004,False,False,True,0,0,0,0
2025-11-01,7208.0,354.89,0.8813,0.011899999999999999,False,False,True,0,0,0,0
2025-11-02,4996.0,343.04,0.8177,0.0232,False,False,True,0,0,0,0
2025-11-03,11351.0,363.44,0.8588,0.016200000000000003,False,False,True,0,0,0,0
2025-11-04,9829.0,350.14,0.8479000000000001,0.049100000000000005,False,False,True,0,0,0,0
2025-11-05,10170.0,350.58,0.8872,0.0202,False,False,True,0,0,0,0
2025-11-06,9482.0,335.13,0.8402,0.0223,False,False,True,0,0,0,0
2025-11-07,9500.0,324.21,0.8090999999999999,0.0212,False,False,True,0,0,0,0
2025-11-08,7242.0,353.69,0.8731,0.0184,False,False,True,0,0,0,0
2025-11-09,4752.0,349.59,0.892,0.0128,False,False,True,0,0,0,0
2025-11-10,10619.0,374.97,0.8341,0.0217,False,False,True,0,0,0,0
2025-11-11,9722.0,356.11,0.8956999999999999,0.0149,False,False,True,0,0,0,0
2025-11-12,9758.0,355.82,0.8771,0.0182,False,False,True,0,0,0,0
2025-11-13,9256.0,315.3,0.7397,0.053099999999999994,False,False,True,0,0,0,0
2025-11-14,9435.0,307.96,0.7558,0.04019999999999999,False,False,True,0,0,0,0
2025-11-15,6524.0,364.44,0.9362999999999999,0.0078000000000000005,False,False,True,0,0,0,0
2025-11-16,4437.0,359.66,,,False,False,True,0,0,1,1
2025-11-17,10938.0,368.8,,,False,False,True,0,0,1,1
2025-11-18,9369.0,358.69,,,False,False,True,0,0,1,1
2025-11-19,9485.0,346.51,,,False,False,True,0,0,1,1
2025-11-20,9641.0,328.34,,,False,False,True,0,0,1,1
2025-11-21,9896.0,297.28,,,False,False,True,0,0,1,1
2025-11-22,7364.0,333.3,,,False,False,True,0,0,1,1
2025-11-23,5176.0,300.8,,,False,False,True,0,0,1,1
2025-11-24,10592.0,289.2,,,False,False,True,0,0,1,1
2025-11-25,9971.0,360.29,,,False,False,True,0,0,1,1
2025-11-26,8880.0,354.34,,,False,False,True,0,0,1,1
2025-11-27,1139.0,330.84,0.9553,0.0055000000000000005,False,False,True,0,0,0,0
2025-11-28,13204.0,320.69,0.9948999999999999,0.0031,False,False,True,0,0,0,0
2025-11-29,8748.0,335.18,0.9465,0.0088,False,False,True,0,0,0,0
2025-11-30,6178.0,327.72,0.8389,0.027999999999999997,False,False,True,0,0,0,0
2025-12-01,14522.0,363.75,0.8803,0.0125,False,False,True,0,0,0,0
2025-12-02,12854.0,365.57,0.7612000000000001,0.06280000000000001,False,False,True,0,0,0,0
2025-12-03,12181.0,377.09,0.8619,0.0151,False,False,True,0,0,0,0
2025-12-04,11873.0,363.22,0.9464,0.0113,False,False,True,0,0,0,0
2025-12-05,11580.0,362.85,0.9269,0.0118,False,False,True,0,0,0,0
2025-12-06,8452.0,333.06,0.7139,0.0499,False,False,True,0,0,0,0
2025-12-07,5642.0,319.38,0.9161,0.013500000000000002,False,False,True,0,0,0,0
2025-12-08,12738.0,365.74,0.948,0.006,False,False,True,0,0,0,0
2025-12-09,12088.0,349.99,0.8931,0.0154,False,False,True,0,0,0,0
2025-12-10,11483.0,357.5,0.9336,0.0078000000000000005,False,False,True,0,0,0,0
2025-12-11,11122.0,367.23,0.8748999999999999,0.013600000000000001,False,False,True,0,0,0,0
2025-12-12,11325.0,364.09,0.8016,0.0291,False,False,True,0,0,0,0
2025-12-13,8383.0,356.88,0.6172,0.0623,False,False,True,0,0,0,0
2025-12-14,6861.0,338.62,0.7,0.039900000000000005,False,False,True,0,0,0,0
2025-12-15,12359.0,363.22,0.9251999999999999,0.0103,False,False,True,0,0,0,0
2025-12-16,10994.0,360.8,0.7506999999999999,0.026000000000000002,False,False,True,0,0,0,0
2025-12-17,11666.0,360.13,0.8097,0.0225,False,False,True,0,0,0,0
2025-12-18,10806.0,354.7,0.8784000000000001,0.0163,False,False,True,0,0,0,0
2025-12-19,10964.0,359.01,0.8521,0.0182,False,False,True,0,0,0,0
2025-12-20,9475.0,352.02,0.6951,0.0487,False,False,True,0,0,0,0
2025-12-21,6384.0,323.81,0.8991,0.0216,False,False,True,0,0,0,0
2025-12-22,11977.0,342.38,0.9257,0.0104,False,False,True,0,0,0,0
2025-12-23,11557.0,332.4,0.9266,0.0104,False,False,True,0,0,0,0
2025-12-24,7474.0,320.89,0.9168000000000001,0.0177,False,False,True,0,0,0,0
2025-12-25,767.0,289.44,0.9893000000000001,0.0209,False,False,True,0,0,0,0
2025-12-26,9450.0,354.61,0.83,0.0262,False,False,True,0,0,0,0
2025-12-27,7320.0,344.15,0.8576,0.0213,False,False,True,0,0,0,0
2025-12-28,4585.0,339.58,0.9323,0.008100000000000001,False,False,True,0,0,0,0
2025-12-29,11306.0,369.74,0.7318000000000001,0.029900000000000003,False,False,True,0,0,0,0
2025-12-30,10654.0,347.29,0.8273999999999999,0.0169,False,False,True,0,0,0,0
2025-12-31,7422.0,349.35,0.7137,0.060700000000000004,False,False,True,0,0,0,0
