Date,Call Volume,CCT,Service Level,Abandon Rate
01/01/24 Mon,"4,380",333.91,99.38%,0.32%
01/02/24 Tue,"16,184",348.04,55.53%,7.10%
01/03/24 Wed,"15,575",333.97,59.45%,6.79%
01/04/24 Thu,"14,393",338.91,75.23%,2.63%
01/05/24 Fri,"13,909",339.59,92.67%,1.14%
01/06/24 Sat,"8,137",320.21,96.81%,0.65%
01/07/24 Sun,"5,721",324.11,96.62%,0.80%
01/08/24 Mon,"14,534",342.29,87.34%,1.27%
01/09/24 Tue,"13,183",329.77,95.91%,0.46%
01/10/24 Wed,"12,583",328.58,97.90%,0.40%
01/11/24 Thu,"12,066",329.57,96.63%,0.79%
01/12/24 Fri,"12,083",336.13,98.07%,0.94%
01/13/24 Sat,"7,921",330.58,96.07%,0.62%
01/14/24 Sun,"5,217",325.26,94.65%,1.13%
01/15/24 Mon,"11,047",330.87,99.33%,0.21%
01/16/24 Tue,"12,264",329.23,98.23%,0.26%
01/17/24 Wed,"12,978",328.73,90.36%,1.33%
01/18/24 Thu,"12,057",331.28,92.43%,0.91%
01/19/24 Fri,"12,780",343.43,84.84%,3.02%
01/20/24 Sat,"8,435",323.62,89.41%,1.40%
01/21/24 Sun,"5,399",325.5,95.65%,0.87%
01/22/24 Mon,"13,375",341.28,85.80%,1.29%
01/23/24 Tue,"12,143",335.05,92.92%,0.65%
01/24/24 Wed,"11,498",329.11,90.62%,0.96%
01/25/24 Thu,"12,027",327.78,91.42%,1.01%
01/26/24 Fri,"11,647",323.89,92.52%,1.00%
01/27/24 Sat,"7,670",316.51,92.05%,1.07%
01/28/24 Sun,"4,981",309.49,99.22%,0.18%
01/29/24 Mon,"12,322",333.01,96.38%,0.44%
01/30/24 Tue,"11,049",320.83,96.02%,0.46%
01/31/24 Wed,"11,194",316.56,96.44%,0.46%
02/01/24 Thu,"12,769",301.81,99.74%,0.43%
02/02/24 Fri,"13,560",331.1,77.29%,1.77%
02/03/24 Sat,"9,200",327.32,78.21%,2.08%
02/04/24 Sun,"5,813",318.92,89.57%,1.11%
02/05/24 Mon,"14,721",310.51,95.26%,0.67%
02/06/24 Tue,"13,267",334.11,89.81%,0.75%
02/07/24 Wed,"11,911",331.06,89.86%,0.55%
02/08/24 Thu,"11,547",323.42,97.76%,0.30%
02/09/24 Fri,"11,722",326.36,97.54%,0.41%
02/10/24 Sat,"7,574",331.85,96.22%,0.51%
02/11/24 Sun,"4,632",336.74,75.42%,4.58%
02/12/24 Mon,"12,711",324,86.28%,1.51%
02/13/24 Tue,"11,964",333.8,93.82%,0.51%
02/14/24 Wed,"10,633",327.14,98.95%,0.21%
02/15/24 Thu,"11,984",328.26,94.19%,0.52%
02/16/24 Fri,"12,318",326.67,94.04%,0.62%
02/17/24 Sat,"8,339",332.88,90.41%,0.88%
02/18/24 Sun,"5,459",321.44,76.14%,2.46%
02/19/24 Mon,"11,086",304.94,97.56%,0.54%
02/20/24 Tue,"12,340",323.44,98.34%,0.26%
02/21/24 Wed,"12,537",336.19,96.26%,0.30%
02/22/24 Thu,"11,473",339.57,90.64%,0.63%
02/23/24 Fri,"11,267",330.76,86.89%,0.82%
02/24/24 Sat,"7,504",328.87,88.92%,0.74%
02/25/24 Sun,"5,274",316.14,76.86%,2.19%
02/26/24 Mon,"12,514",290.95,97.68%,0.55%
02/27/24 Tue,"11,057",331.08,93.88%,0.50%
02/28/24 Wed,"11,474",322.97,94.32%,0.31%
02/29/24 Thu,"11,010",328.83,91.96%,1.08%
03/01/24 Fri,"13,574",320.3,90.60%,1.31%
03/02/24 Sat,"9,042",320.05,76.99%,2.21%
03/03/24 Sun,"6,090",320.85,93.28%,0.83%
03/04/24 Mon,"14,161",321.28,90.80%,1.36%
03/05/24 Tue,"12,623",320.83,73.15%,2.96%
03/06/24 Wed,"11,873",304.22,98.62%,0.29%
03/07/24 Thu,"11,990",335.13,76.12%,2.60%
03/08/24 Fri,"11,490",325.31,94.39%,0.64%
03/09/24 Sat,"7,968",324.2,96.45%,0.55%
03/10/24 Sun,"4,945",316.39,97.37%,0.47%
03/11/24 Mon,"12,599",313.99,99.21%,0.29%
03/12/24 Tue,"11,500",314.93,99.63%,0.33%
03/13/24 Wed,"11,602",316.67,98.33%,0.45%
03/14/24 Thu,"10,380",325.25,93.48%,0.76%
03/15/24 Fri,"11,310",331.46,92.91%,0.79%
03/16/24 Sat,"7,620",325.54,96.47%,0.51%
03/17/24 Sun,"5,239",328.38,89.46%,1.34%
03/18/24 Mon,"13,208",318.17,95.11%,0.88%
03/19/24 Tue,"11,759",313,94.82%,0.72%
03/20/24 Wed,"12,046",304.07,94.61%,0.75%
03/21/24 Thu,"11,396",321.84,97.70%,0.47%
03/22/24 Fri,"11,196",325,92.26%,1.24%
03/23/24 Sat,"7,499",330.04,87.04%,3.04%
03/24/24 Sun,"4,838",323.54,96.23%,0.64%
03/25/24 Mon,"12,699",335.28,90.48%,1.16%
03/26/24 Tue,"11,099",306.61,97.67%,0.39%
03/27/24 Wed,"11,076",303.24,97.44%,0.70%
03/28/24 Thu,"10,255",321.93,89.41%,1.03%
03/29/24 Fri,"9,575",325.98,94.64%,0.72%
03/30/24 Sat,"6,318",315.43,82.25%,2.05%
03/31/24 Sun,"2,613",321.8,74.38%,3.21%
04/01/24 Mon,"13,620",317.94,91.78%,0.90%
04/02/24 Tue,"13,172",307.13,96.31%,0.72%
04/03/24 Wed,"14,129",319.13,92.12%,0.65%
04/04/24 Thu,"13,256",325.65,97.85%,0.24%
04/05/24 Fri,"12,231",323.17,97.69%,0.20%
04/06/24 Sat,"8,154",326.03,93.92%,0.51%
04/07/24 Sun,"5,268",319.8,93.18%,0.60%
04/08/24 Mon,"12,462",312.02,81.95%,3.18%
04/09/24 Tue,"12,836",311.51,98.76%,0.28%
04/10/24 Wed,"12,004",327.85,95.62%,0.49%
04/11/24 Thu,"11,535",325.43,93.86%,0.54%
04/12/24 Fri,"12,014",322.46,93.87%,0.54%
04/13/24 Sat,"7,972",330.42,90.20%,0.75%
04/14/24 Sun,"5,315",324.55,84.10%,1.39%
04/15/24 Mon,"13,959",309.6,85.49%,1.49%
04/16/24 Tue,"13,282",300.42,98.31%,0.37%
04/17/24 Wed,"13,131",325.58,98.02%,0.36%
04/18/24 Thu,"12,798",329.54,95.04%,0.57%
04/19/24 Fri,"12,538",324.82,91.92%,0.86%
04/20/24 Sat,"8,210",321.56,91.75%,0.87%
04/21/24 Sun,"5,200",328.59,81.17%,3.63%
04/22/24 Mon,"14,759",307.83,90.32%,1.03%
04/23/24 Tue,"13,656",300.99,99.64%,0.43%
04/24/24 Wed,"12,774",321.51,97.37%,0.45%
04/25/24 Thu,"12,531",313.79,94.36%,0.53%
04/26/24 Fri,"12,309",307.68,92.04%,4.01%
04/27/24 Sat,"7,890",307.42,90.33%,1.08%
04/28/24 Sun,"5,509",310.04,80.63%,2.09%
04/29/24 Mon,"14,093",331.58,74.28%,4.29%
04/30/24 Tue,"14,098",306.41,96.13%,0.62%
05/01/24 Wed,"15,230",298.08,99.19%,0.23%
05/02/24 Thu,"14,729",319.51,92.79%,0.85%
05/03/24 Fri,"15,195",314.97,98.35%,0.44%
05/04/24 Sat,"9,769",310.23,98.10%,0.51%
05/05/24 Sun,"6,389",319.58,93.93%,0.83%
05/06/24 Mon,"16,467",319.42,96.03%,0.72%
05/07/24 Tue,"14,974",308.91,98.84%,0.44%
05/08/24 Wed,"14,745",299.64,98.30%,0.34%
05/09/24 Thu,"13,616",324.96,98.45%,0.40%
05/10/24 Fri,"12,343",317.96,96.77%,0.58%
05/11/24 Sat,"7,738",314.66,89.01%,1.31%
05/12/24 Sun,"4,274",313.47,94.36%,0.84%
05/13/24 Mon,"14,327",314.94,96.31%,0.73%
05/14/24 Tue,"13,061",307.96,92.86%,1.29%
05/15/24 Wed,"13,791",302.02,98.81%,0.40%
05/16/24 Thu,"12,897",327.14,89.57%,1.03%
05/17/24 Fri,"12,610",318.27,90.59%,0.72%
05/18/24 Sat,"8,179",321.44,76.75%,3.55%
05/19/24 Sun,"5,386",315.48,70.28%,3.46%
05/20/24 Mon,"14,445",320.28,73.17%,4.27%
05/21/24 Tue,"13,277",317.96,66.16%,5.00%
05/22/24 Wed,"12,786",307.99,98.61%,0.43%
05/23/24 Thu,"12,292",329.8,77.96%,2.41%
05/24/24 Fri,"11,330",319.64,91.67%,1.10%
05/25/24 Sat,"7,735",308.5,81.08%,1.68%
05/26/24 Sun,"4,597",314.23,87.87%,1.34%
05/27/24 Mon,"7,115",300.51,98.34%,0.37%
05/28/24 Tue,"14,405",287.73,95.42%,0.81%
05/29/24 Wed,"13,280",283.46,99.69%,0.15%
05/30/24 Thu,"12,236",308.67,88.99%,1.18%
05/31/24 Fri,"12,581",294.7,97.23%,0.73%
06/01/24 Sat,"8,898",325.62,83.93%,1.91%
06/02/24 Sun,"6,378",320.51,97.43%,0.48%
06/03/24 Mon,"16,967",317.35,96.72%,0.38%
06/04/24 Tue,"15,595",318.92,98.49%,0.28%
06/05/24 Wed,"14,192",312.24,98.57%,0.35%
06/06/24 Thu,"13,225",305.64,98.54%,0.33%
06/07/24 Fri,"13,173",307.27,93.94%,1.17%
06/08/24 Sat,"8,158",327.66,95.89%,0.46%
06/09/24 Sun,"5,656",328.07,94.07%,0.93%
06/10/24 Mon,"14,601",321.79,95.08%,0.52%
06/11/24 Tue,"13,707",321.74,93.06%,0.68%
06/12/24 Wed,"13,134",321.55,89.62%,1.07%
06/13/24 Thu,"11,891",305.15,96.95%,0.86%
06/14/24 Fri,"12,248",292.73,94.60%,0.81%
06/15/24 Sat,"7,791",325.21,90.35%,0.86%
06/16/24 Sun,"4,643",319.33,92.26%,0.79%
06/17/24 Mon,"14,286",317.31,91.41%,1.32%
06/18/24 Tue,"12,746",315.75,91.73%,1.04%
06/19/24 Wed,"11,743",325.7,83.42%,1.42%
06/20/24 Thu,"12,331",301.95,92.52%,0.88%
06/21/24 Fri,"12,364",306.15,87.75%,1.14%
06/22/24 Sat,"7,572",325.4,87.20%,1.52%
06/23/24 Sun,"5,075",326.16,89.76%,1.18%
06/24/24 Mon,"13,539",321.6,88.65%,2.68%
06/25/24 Tue,"12,433",320.87,85.17%,1.68%
06/26/24 Wed,"12,089",312.76,78.35%,2.03%
06/27/24 Thu,"11,805",291.94,92.51%,0.74%
06/28/24 Fri,"11,589",290.06,86.67%,1.71%
06/29/24 Sat,"7,748",314.78,89.25%,1.22%
06/30/24 Sun,"5,301",321.39,88.54%,1.33%
07/01/24 Mon,"14,651",313.28,97.60%,0.33%
07/02/24 Tue,"13,545",316.27,79.37%,2.74%
07/03/24 Wed,"13,425",308.39,92.48%,0.97%
07/04/24 Thu,"5,646",314.01,98.38%,0.44%
07/05/24 Fri,"12,472",301.07,98.23%,0.67%
07/06/24 Sat,"8,338",294.35,98.19%,0.49%
07/07/24 Sun,"5,551",314.32,98.25%,0.38%
07/08/24 Mon,"15,218",317.04,92.00%,0.91%
07/09/24 Tue,"13,952",310.69,94.41%,0.75%
07/10/24 Wed,"13,401",318.61,92.35%,0.77%
07/11/24 Thu,"12,672",322.12,75.70%,2.64%
07/12/24 Fri,"12,053",299.38,90.52%,1.40%
07/13/24 Sat,"7,686",300.43,96.82%,0.60%
07/14/24 Sun,"5,100",327.61,72.29%,3.49%
07/15/24 Mon,"14,062",320.3,80.65%,1.71%
07/16/24 Tue,"13,436",315.52,85.64%,1.78%
07/17/24 Wed,"13,059",318.95,81.08%,2.27%
07/18/24 Thu,"12,680",319.71,93.33%,0.70%
07/19/24 Fri,"13,306",305.89,88.34%,1.63%
07/20/24 Sat,"8,493",295.39,95.29%,0.42%
07/21/24 Sun,"5,482",332.7,79.88%,1.71%
07/22/24 Mon,"14,515",327.69,79.23%,1.79%
07/23/24 Tue,"13,223",323.21,85.69%,1.24%
07/24/24 Wed,"12,361",321,87.43%,1.28%
07/25/24 Thu,"12,155",313.82,91.35%,1.03%
07/26/24 Fri,"11,423",296.9,93.69%,0.95%
07/27/24 Sat,"7,737",289.41,98.08%,0.60%
07/28/24 Sun,"5,217",319.24,79.73%,1.79%
07/29/24 Mon,"13,599",314.87,83.04%,1.57%
07/30/24 Tue,"12,446",312.25,95.34%,0.69%
07/31/24 Wed,"12,560",311.9,96.99%,0.40%
08/01/24 Thu,"13,548",309.81,93.01%,0.75%
08/02/24 Fri,"14,208",312.33,92.63%,0.80%
08/03/24 Sat,"9,125",309.55,93.44%,0.92%
08/04/24 Sun,"6,004",298.84,97.08%,0.52%
08/05/24 Mon,"15,795",323.1,92.83%,0.76%
08/06/24 Tue,"14,045",323.98,94.31%,0.65%
08/07/24 Wed,"13,521",319.71,90.28%,0.98%
08/08/24 Thu,"12,595",322.69,87.15%,1.20%
08/09/24 Fri,"12,431",322.94,79.44%,2.50%
08/10/24 Sat,"7,807",304.77,88.90%,1.44%
08/11/24 Sun,"5,435",302.55,90.26%,1.49%
08/12/24 Mon,"13,286",325.91,88.52%,1.45%
08/13/24 Tue,"12,419",325.58,90.33%,0.95%
08/14/24 Wed,"11,708",320.63,95.29%,0.59%
08/15/24 Thu,"12,244",317.52,90.16%,0.85%
08/16/24 Fri,"12,175",319.51,90.35%,1.04%
08/17/24 Sat,"8,108",302.31,91.44%,1.03%
08/18/24 Sun,"5,658",309.38,97.59%,0.81%
08/19/24 Mon,"13,784",333.49,85.55%,4.96%
08/20/24 Tue,"12,830",334.42,83.47%,1.64%
08/21/24 Wed,"13,050",315.53,85.46%,1.59%
08/22/24 Thu,"12,448",315.54,84.03%,1.65%
08/23/24 Fri,"12,393",322.17,78.07%,2.97%
08/24/24 Sat,"7,777",306.63,87.58%,1.64%
08/25/24 Sun,"5,619",297.89,88.80%,1.69%
08/26/24 Mon,"14,013",322.14,88.33%,1.23%
08/27/24 Tue,"12,498",315.85,85.56%,1.61%
08/28/24 Wed,"12,081",311.28,87.56%,1.96%
08/29/24 Thu,"10,950",328.46,69.60%,4.63%
08/30/24 Fri,"11,541",321.26,93.34%,0.88%
08/31/24 Sat,"7,909",325.9,79.38%,2.58%
09/01/24 Sun,"5,626",309.64,87.05%,1.50%
09/02/24 Mon,"8,285",297.66,99.18%,0.27%
09/03/24 Tue,"15,529",338.54,68.55%,4.26%
09/04/24 Wed,"14,868",325.28,93.96%,1.00%
09/05/24 Thu,"13,297",323.62,89.82%,1.31%
09/06/24 Fri,"12,630",326.34,92.87%,1.01%
09/07/24 Sat,"8,469",322.29,96.43%,0.65%
09/08/24 Sun,"5,576",294.78,98.73%,0.52%
09/09/24 Mon,"14,479",,99.39%,0.44%
09/10/24 Tue,"12,791",,79.15%,3.45%
09/11/24 Wed,"12,090",,88.88%,1.16%
09/12/24 Thu,"12,854",,76.83%,2.60%
09/13/24 Fri,"11,941",,87.63%,1.43%
09/14/24 Sat,"8,076",,93.79%,0.78%
09/15/24 Sun,"5,604",,95.37%,0.68%
09/16/24 Mon,"13,913",,99.22%,0.24%
09/17/24 Tue,"13,026",,80.16%,1.83%
09/18/24 Wed,"12,641",,88.06%,1.55%
09/19/24 Thu,"12,592",324.82,85.09%,1.62%
09/20/24 Fri,"12,525",324.28,93.10%,0.77%
09/21/24 Sat,"8,225",317.77,95.27%,0.64%
09/22/24 Sun,"5,505",304.71,95.66%,0.89%
09/23/24 Mon,"13,810",286.22,99.48%,0.17%
09/24/24 Tue,"11,889",306.05,97.26%,0.41%
09/25/24 Wed,"12,468",328.64,82.12%,1.25%
09/26/24 Thu,"11,753",323.33,86.87%,0.93%
09/27/24 Fri,"11,187",312.81,94.52%,0.69%
09/28/24 Sat,"7,346",311.47,87.63%,1.07%
09/29/24 Sun,"4,991",321,89.44%,1.27%
09/30/24 Mon,"12,820",315.71,78.22%,2.48%
10/01/24 Tue,"13,511",304.16,87.46%,1.39%
10/02/24 Wed,"13,119",305.31,90.15%,1.34%
10/03/24 Thu,"13,329",330.02,87.59%,1.61%
10/04/24 Fri,"12,920",320.23,96.81%,0.45%
10/05/24 Sat,"8,036",317.32,97.97%,0.29%
10/06/24 Sun,"5,561",310.02,96.76%,0.73%
10/07/24 Mon,"13,849",318.37,92.55%,0.84%
10/08/24 Tue,"12,611",299.56,98.83%,0.49%
10/09/24 Wed,"12,366",284.52,99.13%,0.39%
10/10/24 Thu,"11,236",326.99,80.62%,1.97%
10/11/24 Fri,"11,408",322.5,92.63%,0.79%
10/12/24 Sat,"7,572",323.49,88.94%,1.65%
10/13/24 Sun,"5,357",317.59,80.05%,2.22%
10/14/24 Mon,"11,717",315.79,75.35%,3.27%
10/15/24 Tue,"12,169",307.81,83.93%,1.86%
10/16/24 Wed,"12,696",307.07,87.90%,1.75%
10/17/24 Thu,"11,944",327.09,88.26%,1.24%
10/18/24 Fri,"11,862",328.69,89.46%,2.35%
10/19/24 Sat,"7,741",329.93,91.71%,0.94%
10/20/24 Sun,"5,359",327.88,91.30%,1.01%
10/21/24 Mon,"14,024",320.04,84.94%,4.66%
10/22/24 Tue,"13,220",298.82,92.92%,0.97%
10/23/24 Wed,"12,192",291.92,96.38%,0.74%
10/24/24 Thu,"11,541",296.02,97.95%,0.44%
10/25/24 Fri,"11,360",321.07,79.82%,1.95%
10/26/24 Sat,"7,414",312.47,81.79%,3.72%
10/27/24 Sun,"5,120",311.97,93.25%,0.70%
10/28/24 Mon,"12,834",303.22,92.89%,0.81%
10/29/24 Tue,"11,848",296.87,87.76%,1.59%
10/30/24 Wed,"11,136",311.96,99.48%,0.45%
10/31/24 Thu,"10,330",289.61,99.69%,0.39%
11/01/24 Fri,"13,190",327.67,80.96%,2.54%
11/02/24 Sat,"9,265",328.34,91.21%,0.92%
11/03/24 Sun,"6,231",329.86,92.43%,0.75%
11/04/24 Mon,"15,397",324.69,95.64%,0.56%
11/05/24 Tue,"12,823",317.2,98.03%,0.62%
11/06/24 Wed,"12,295",302.14,99.35%,0.26%
11/07/24 Thu,"13,128",294.7,99.56%,0.41%
11/08/24 Fri,"12,957",328.17,91.18%,0.77%
11/09/24 Sat,"9,064",325.8,85.03%,1.45%
11/10/24 Sun,"5,546",327.5,83.18%,2.86%
11/11/24 Mon,"12,171",328.48,87.87%,2.19%
11/12/24 Tue,"12,684",324.62,93.79%,1.27%
11/13/24 Wed,"13,253",304.92,94.42%,1.82%
11/14/24 Thu,"12,682",294.91,98.70%,0.60%
11/15/24 Fri,"13,014",334.43,85.72%,1.66%
11/16/24 Sat,"8,695",330.76,78.85%,2.49%
11/17/24 Sun,"5,726",320.4,86.89%,1.53%
11/18/24 Mon,"14,289",334.07,73.77%,2.89%
11/19/24 Tue,"13,208",329.04,81.88%,1.58%
11/20/24 Wed,"12,937",316.33,92.69%,1.12%
11/21/24 Thu,"12,946",301.31,98.16%,0.35%
11/22/24 Fri,"12,429",332.57,77.97%,2.36%
11/23/24 Sat,"8,787",321.95,73.90%,2.62%
11/24/24 Sun,"5,492",316.12,77.26%,2.64%
11/25/24 Mon,"13,187",313.9,82.21%,2.03%
11/26/24 Tue,"11,483",306.71,91.68%,0.90%
11/27/24 Wed,"10,615",293.61,94.37%,0.68%
11/28/24 Thu,"2,260",290.47,97.02%,0.60%
11/29/24 Fri,"10,614",303.92,97.01%,0.70%
11/30/24 Sat,"8,370",319.51,92.51%,0.94%
12/01/24 Sun,"6,453",310,95.49%,0.47%
12/02/24 Mon,"16,703",319.58,92.62%,0.82%
12/03/24 Tue,"15,810",313.21,90.27%,1.15%
12/04/24 Wed,"15,058",313.71,90.43%,1.32%
12/05/24 Thu,"14,443",297.88,94.05%,0.89%
12/06/24 Fri,"13,537",299.25,91.15%,1.41%
12/07/24 Sat,"9,402",320.4,88.19%,1.29%
12/08/24 Sun,"6,516",324.01,86.53%,1.13%
12/09/24 Mon,"14,713",318.63,89.09%,1.08%
12/10/24 Tue,"13,298",317.98,91.96%,0.78%
12/11/24 Wed,"13,473",307.92,88.70%,1.52%
12/12/24 Thu,"12,568",302.69,88.60%,1.50%
12/13/24 Fri,"12,331",295.76,96.69%,0.65%
12/14/24 Sat,"8,439",326.18,88.68%,1.18%
12/15/24 Sun,"5,945",320.81,92.25%,0.86%
12/16/24 Mon,"14,051",321.36,89.31%,1.06%
12/17/24 Tue,"13,228",316.17,93.01%,0.71%
12/18/24 Wed,"13,390",318.86,73.42%,4.40%
12/19/24 Thu,"12,341",302.28,86.51%,2.22%
12/20/24 Fri,"12,318",306.91,97.28%,1.09%
12/21/24 Sat,"9,411",329.57,83.28%,1.26%
12/22/24 Sun,"6,146",325.11,92.17%,0.62%
12/23/24 Mon,"12,297",317.7,91.96%,0.67%
12/24/24 Tue,"6,883",304.19,89.96%,1.49%
12/25/24 Wed,"1,727",308.86,83.58%,2.04%
12/26/24 Thu,"11,133",294.96,85.24%,1.74%
12/27/24 Fri,"11,796",290.79,99.51%,0.24%
12/28/24 Sat,"7,865",314.63,87.67%,1.00%
12/29/24 Sun,"4,760",325.23,91.90%,0.93%
12/30/24 Mon,"12,699",319.52,99.47%,0.29%
12/31/24 Tue,"9,246",314.7,95.20%,0.65%
01/01/25 Wed,"4,643",301.27,97.17%,0.58%
01/02/25 Thu,"15,066",315.3,97.20%,0.47%
01/03/25 Fri,"14,288",300.19,98.89%,0.36%
01/04/25 Sat,"9,252",288.89,97.06%,0.76%
01/05/25 Sun,"5,819",338.79,74.98%,2.82%
01/06/25 Mon,"13,912",330.57,90.66%,0.87%
01/07/25 Tue,"13,309",327.86,88.28%,1.04%
01/08/25 Wed,"12,544",330.17,90.11%,0.92%
01/09/25 Thu,"11,350",324.82,95.68%,0.56%
01/10/25 Fri,"11,120",307.23,97.28%,0.55%
01/11/25 Sat,"8,187",295.06,99.02%,0.31%
01/12/25 Sun,"5,349",330.73,87.65%,1.21%
01/13/25 Mon,"13,074",330.87,94.76%,0.74%
01/14/25 Tue,"11,956",330.44,91.17%,1.41%
01/15/25 Wed,"12,191",325.19,93.24%,0.89%
01/16/25 Thu,"11,542",318.02,89.87%,3.63%
01/17/25 Fri,"11,509",314.16,89.36%,1.32%
01/18/25 Sat,"7,791",289.02,97.52%,0.55%
01/19/25 Sun,"4,782",,,1.03%
01/20/25 Mon,"9,297",,,0.91%
01/21/25 Tue,"11,343",,,1.16%
01/22/25 Wed,"12,050",,,0.82%
01/23/25 Thu,"11,205",,,0.55%
01/24/25 Fri,"11,200",,,0.87%
01/25/25 Sat,"7,859",,,0.36%
01/26/25 Sun,"4,897",,,0.65%
01/27/25 Mon,"11,726",,,0.87%
01/28/25 Tue,"11,051",,,1.74%
01/29/25 Wed,"10,723",,,3.82%
01/30/25 Thu,"10,386",,,0.64%
01/31/25 Fri,"11,254",306.51,91.92%,0.95%
02/01/25 Sat,"8,410",286.67,98.65%,0.68%
02/02/25 Sun,"5,703",299.1,89.78%,1.17%
02/03/25 Mon,"14,430",297.8,88.54%,1.79%
02/04/25 Tue,"12,459",333.55,59.33%,6.38%
02/05/25 Wed,"11,812",324.04,86.59%,1.16%
02/06/25 Thu,"11,275",319.57,82.58%,2.42%
02/07/25 Fri,"11,087",320.75,86.70%,1.45%
02/08/25 Sat,"7,393",324.72,86.04%,1.84%
02/09/25 Sun,"4,692",314.25,80.42%,3.19%
02/10/25 Mon,"12,001",300.07,96.71%,0.64%
02/11/25 Tue,"10,980",328.7,87.48%,1.25%
02/12/25 Wed,"11,389",326.77,90.01%,1.03%
02/13/25 Thu,"10,576",330.69,87.44%,3.76%
02/14/25 Fri,"9,877",332.02,90.96%,1.04%
02/15/25 Sat,"7,226",326.66,91.63%,0.89%
02/16/25 Sun,"4,818",306.82,82.78%,2.08%
02/17/25 Mon,"10,402",300.8,89.66%,1.40%
02/18/25 Tue,"10,902",333.59,76.43%,2.70%
02/19/25 Wed,"11,670",331.07,91.94%,1.08%
02/20/25 Thu,"11,511",330.26,93.93%,0.68%
02/21/25 Fri,"11,256",326.14,95.61%,0.51%
02/22/25 Sat,"7,539",325.09,93.90%,0.72%
02/23/25 Sun,"4,678",313.19,92.48%,0.86%
02/24/25 Mon,"11,749",308.97,96.21%,0.61%
02/25/25 Tue,"11,453",325.67,87.57%,0.89%
02/26/25 Wed,"12,806",324.67,90.22%,1.05%
02/27/25 Thu,"11,145",315.17,90.84%,0.71%
02/28/25 Fri,"11,457",314.29,81.20%,2.39%
03/01/25 Sat,"8,229",331.92,94.97%,0.66%
03/02/25 Sun,"6,047",320.2,92.63%,0.91%
03/03/25 Mon,"14,525",304.34,98.70%,0.37%
03/04/25 Tue,"12,171",293.87,99.20%,0.37%
03/05/25 Wed,"11,591",342.73,90.67%,0.75%
03/06/25 Thu,"11,030",335.68,93.27%,0.88%
03/07/25 Fri,"10,812",330.4,91.96%,0.79%
03/08/25 Sat,"7,512",330.86,95.10%,0.56%
03/09/25 Sun,"5,112",328.88,96.57%,0.74%
03/10/25 Mon,"12,001",313.67,94.14%,0.81%
03/11/25 Tue,"11,339",304.08,98.27%,0.18%
03/12/25 Wed,"11,330",331.13,95.17%,0.62%
03/13/25 Thu,"10,189",342.24,95.06%,0.60%
03/14/25 Fri,"10,367",328.21,96.86%,0.67%
03/15/25 Sat,"7,244",337.76,91.60%,0.88%
03/16/25 Sun,"4,821",335.15,91.71%,0.85%
03/17/25 Mon,"12,050",320.62,89.01%,1.28%
03/18/25 Tue,"11,082",300.22,95.71%,0.65%
03/19/25 Wed,"11,170",344.2,85.89%,1.35%
03/20/25 Thu,"11,007",334.07,91.71%,1.04%
03/21/25 Fri,"10,756",336.11,87.10%,6.65%
03/22/25 Sat,"7,136",332.51,94.99%,0.82%
03/23/25 Sun,"4,746",317.78,95.69%,2.28%
03/24/25 Mon,"11,809",318.69,93.10%,0.82%
03/25/25 Tue,"10,898",299.7,98.87%,0.37%
03/26/25 Wed,"10,520",332.91,94.48%,0.66%
03/27/25 Thu,"10,420",330.17,91.82%,0.95%
03/28/25 Fri,"10,426",329.67,88.32%,1.71%
03/29/25 Sat,"6,992",330.77,82.98%,2.16%
03/30/25 Sun,"4,434",330.78,82.51%,1.91%
03/31/25 Mon,"11,426",309.49,78.05%,3.48%
04/01/25 Tue,"11,990",329.48,75.30%,6.75%
04/02/25 Wed,"11,691",310.45,83.74%,2.17%
04/03/25 Thu,"11,868",299.55,87.45%,2.21%
04/04/25 Fri,"11,455",325.87,89.21%,1.17%
04/05/25 Sat,"7,380",324.66,91.43%,0.90%
04/06/25 Sun,"4,959",317.41,93.15%,0.90%
04/07/25 Mon,"12,304",322.07,92.39%,0.89%
04/08/25 Tue,"11,559",325.43,82.97%,2.36%
04/09/25 Wed,"11,237",316.26,72.25%,5.59%
04/10/25 Thu,"10,370",300.23,95.11%,1.50%
04/11/25 Fri,"10,949",332.25,80.03%,2.68%
04/12/25 Sat,"7,076",327.16,90.91%,1.27%
04/13/25 Sun,"4,564",327.78,92.87%,1.21%
04/14/25 Mon,"11,692",326.85,91.29%,1.41%
04/15/25 Tue,"10,928",329.7,73.70%,3.59%
04/16/25 Wed,"10,912",313.45,82.88%,2.21%
04/17/25 Thu,"10,209",304.63,88.86%,1.85%
04/18/25 Fri,"9,265",329.03,86.07%,1.26%
04/19/25 Sat,"6,585",331.45,83.62%,2.74%
04/20/25 Sun,"2,598",324.09,93.09%,0.65%
04/21/25 Mon,"11,965",326.01,93.89%,0.50%
04/22/25 Tue,"11,442",328.5,93.83%,0.85%
04/23/25 Wed,"10,719",311.45,88.65%,1.21%
04/24/25 Thu,"10,235",303.97,98.65%,0.30%
04/25/25 Fri,"10,533",321.99,94.43%,0.69%
04/26/25 Sat,"7,021",320.26,95.02%,0.43%
04/27/25 Sun,"4,731",312.2,93.46%,0.80%
04/28/25 Mon,"11,990",313.13,87.31%,1.07%
04/29/25 Tue,"10,277",308.72,87.16%,1.12%
04/30/25 Wed,"10,995",295.38,91.67%,1.44%
05/01/25 Thu,"11,876",293.89,98.17%,0.66%
05/02/25 Fri,"12,274",310.81,91.74%,1.64%
05/03/25 Sat,"8,129",307.06,98.29%,0.53%
05/04/25 Sun,"5,517",335.98,88.20%,0.99%
05/05/25 Mon,"13,084",327.89,94.69%,0.65%
05/06/25 Tue,"11,889",330.9,90.67%,0.93%
05/07/25 Wed,"11,254",328.92,95.35%,0.48%
05/08/25 Thu,"10,583",318.38,95.87%,0.55%
05/09/25 Fri,"10,633",300.57,97.10%,0.59%
05/10/25 Sat,"6,365",334.7,91.94%,0.77%
05/11/25 Sun,"3,335",332.49,92.76%,0.61%
05/12/25 Mon,"11,908",332.5,93.89%,0.66%
05/13/25 Tue,"10,775",321.51,91.52%,1.49%
05/14/25 Wed,"11,019",341.1,95.50%,0.61%
05/15/25 Thu,"10,845",318.6,88.49%,1.37%
05/16/25 Fri,"10,532",313.56,97.29%,0.59%
05/17/25 Sat,"6,893",341.87,92.51%,0.71%
05/18/25 Sun,"4,693",339.5,94.08%,0.47%
05/19/25 Mon,"11,889",333.89,92.89%,0.97%
05/20/25 Tue,"10,957",330.14,91.15%,1.13%
05/21/25 Wed,"10,932",331.02,87.09%,1.14%
05/22/25 Thu,"10,625",314.89,92.45%,0.77%
05/23/25 Fri,"10,291",312.72,98.05%,0.56%
05/24/25 Sat,"6,494",335.12,94.12%,0.46%
05/25/25 Sun,"4,175",332.47,94.89%,0.50%
05/26/25 Mon,"5,637",330.61,84.19%,2.35%
05/27/25 Tue,"11,507",339.62,86.23%,1.36%
05/28/25 Wed,"10,983",325.91,90.20%,0.88%
05/29/25 Thu,"10,216",317.67,88.59%,1.54%
05/30/25 Fri,"10,285",304,93.49%,0.90%
05/31/25 Sat,"7,151",328.82,83.88%,1.47%
06/01/25 Sun,"4,993",313.81,97.58%,0.84%
06/02/25 Mon,"13,042",321.05,93.15%,0.84%
06/03/25 Tue,"11,814",320.54,89.23%,1.02%
06/04/25 Wed,"11,528",325.72,84.57%,2.26%
06/05/25 Thu,"10,946",327.37,77.02%,2.49%
06/06/25 Fri,"10,294",305.15,91.91%,0.75%
06/07/25 Sat,"6,863",299.81,96.32%,0.84%
06/08/25 Sun,"4,527",333.26,72.96%,3.31%
06/09/25 Mon,"12,417",325.77,83.83%,2.07%
06/10/25 Tue,"11,170",326.02,86.99%,1.20%
06/11/25 Wed,"10,993",333.31,83.51%,1.95%
06/12/25 Thu,"10,232",324.18,86.37%,1.40%
06/13/25 Fri,"10,094",306.24,93.65%,0.87%
06/14/25 Sat,"6,686",303.17,95.43%,0.72%
06/15/25 Sun,"4,172",334.1,71.13%,3.27%
06/16/25 Mon,"11,868",328.82,82.57%,1.77%
06/17/25 Tue,"10,993",330.93,89.76%,0.77%
06/18/25 Wed,"10,694",331.03,91.97%,1.09%
06/19/25 Thu,"9,591",331.03,92.97%,0.99%
06/20/25 Fri,"11,804",307.43,95.55%,0.77%
06/21/25 Sat,"7,211",306.01,99.42%,0.36%
06/22/25 Sun,"4,203",333.12,89.01%,1.21%
06/23/25 Mon,"11,245",328.95,89.73%,0.96%
06/24/25 Tue,"10,523",332.34,90.49%,1.06%
06/25/25 Wed,"10,820",328,87.82%,1.24%
06/26/25 Thu,"9,933",317.07,91.74%,1.01%
06/27/25 Fri,"9,834",312.54,90.78%,1.35%
06/28/25 Sat,"6,765",298.44,97.05%,0.73%
06/29/25 Sun,"4,087",317.87,94.74%,0.55%
06/30/25 Mon,"11,446",326.09,71.07%,7.94%
07/01/25 Tue,"12,388",335.03,88.76%,1.01%
07/02/25 Wed,"11,437",321.94,93.28%,0.65%
07/03/25 Thu,"11,313",325.59,92.24%,0.96%
07/04/25 Fri,"4,704",327.46,93.77%,0.74%
07/05/25 Sat,"6,405",316.71,92.36%,0.85%
07/06/25 Sun,"4,814",300.79,98.00%,0.38%
07/07/25 Mon,"13,692",339.18,93.36%,0.79%
07/08/25 Tue,"11,587",332.07,92.99%,0.84%
07/09/25 Wed,"11,996",319.62,98.38%,0.29%
07/10/25 Thu,"11,055",327.7,92.90%,0.68%
07/11/25 Fri,"10,320",325.82,91.78%,1.17%
07/12/25 Sat,"6,812",312.15,91.60%,0.91%
07/13/25 Sun,"4,530",299.41,99.21%,0.60%
07/14/25 Mon,"11,483",327.35,95.22%,0.46%
07/15/25 Tue,"10,765",336.07,91.44%,0.83%
07/16/25 Wed,"11,473",335.82,89.68%,1.23%
07/17/25 Thu,"10,953",329.13,90.77%,0.97%
07/18/25 Fri,"10,463",325.35,90.69%,1.03%
07/19/25 Sat,"7,158",308.03,91.19%,1.27%
07/20/25 Sun,"4,719",312.48,87.22%,2.00%
07/21/25 Mon,"11,978",337.68,86.48%,1.39%
07/22/25 Tue,"10,747",331.57,87.55%,1.18%
07/23/25 Wed,"10,540",335.76,87.91%,1.07%
07/24/25 Thu,"9,826",334.15,88.51%,1.21%
07/25/25 Fri,"9,942",325.91,94.68%,0.75%
07/26/25 Sat,"6,531",314.56,94.71%,0.63%
07/27/25 Sun,"4,439",305.83,99.00%,0.45%
07/28/25 Mon,"11,540",331.52,98.28%,0.25%
07/29/25 Tue,"9,754",320.79,89.66%,0.87%
07/30/25 Wed,"9,656",322.12,93.19%,0.84%
07/31/25 Thu,"10,272",322.04,89.80%,1.35%
08/01/25 Fri,"11,518",326.6,76.16%,3.82%
08/02/25 Sat,"7,689",336.76,82.94%,1.81%
08/03/25 Sun,"5,115",329.76,83.48%,1.76%
08/04/25 Mon,"13,113",311.48,75.48%,4.32%
08/05/25 Tue,"11,874",307.34,92.44%,1.16%
08/06/25 Wed,"11,304",331.41,82.19%,1.99%
08/07/25 Thu,"10,627",325.83,91.87%,0.70%
08/08/25 Fri,"10,666",334.42,90.08%,1.06%
08/09/25 Sat,"7,192",338.07,89.96%,0.98%
08/10/25 Sun,"4,529",348.01,82.06%,1.98%
08/11/25 Mon,"12,157",325.71,75.36%,3.99%
08/12/25 Tue,"11,071",319.27,76.10%,3.95%
08/13/25 Wed,"10,385",335.54,95.48%,0.60%
08/14/25 Thu,"10,195",333.48,92.12%,0.71%
08/15/25 Fri,"10,404",341.51,86.51%,1.47%
08/16/25 Sat,"6,845",340.38,89.39%,1.01%
08/17/25 Sun,"4,818",344.6,83.33%,2.12%
08/18/25 Mon,"11,935",310.76,78.29%,4.97%
08/19/25 Tue,"10,765",311.41,99.05%,0.74%
08/20/25 Wed,"10,690",340.62,86.28%,1.32%
08/21/25 Thu,"10,475",342.35,94.39%,0.73%
08/22/25 Fri,"9,967",352.4,91.21%,1.35%
08/23/25 Sat,"6,927",354.18,89.96%,1.04%
08/24/25 Sun,"4,317",361.11,91.77%,1.10%
08/25/25 Mon,"11,698",325.39,82.25%,3.30%
08/26/25 Tue,"10,141",305.78,97.52%,0.72%
08/27/25 Wed,,,,0.69%
08/28/25 Thu,,,,1.14%
08/29/25 Fri,,,,0.15%
08/30/25 Sat,,,,1.08%
08/31/25 Sun,,,,2.22%
09/01/25 Mon,,,,0.73%
09/02/25 Tue,,,,1.11%
09/03/25 Wed,,,,0.74%
09/04/25 Thu,,,,1.60%
09/05/25 Fri,,,,0.55%
09/06/25 Sat,"7,234",330.45,94.11%,0.51%
09/07/25 Sun,"4,899",336.43,90.55%,0.90%
09/08/25 Mon,"12,299",324.67,89.31%,1.42%
09/09/25 Tue,"11,599",312.22,85.47%,1.75%
09/10/25 Wed,"10,760",308.85,92.57%,0.94%
09/11/25 Thu,"9,978",334.12,94.52%,0.54%
09/12/25 Fri,"9,940",335.67,95.76%,0.44%
09/13/25 Sat,"6,630",329.99,88.78%,1.31%
09/14/25 Sun,"4,323",330.46,94.46%,0.65%
09/15/25 Mon,"11,915",330.67,89.93%,1.05%
09/16/25 Tue,"10,669",317.05,88.70%,1.46%
09/17/25 Wed,"10,717",303.32,99.42%,0.42%
09/18/25 Thu,"10,404",333.75,94.11%,0.59%
09/19/25 Fri,"10,210",328.81,94.64%,0.56%
09/20/25 Sat,"7,000",329.34,89.18%,0.90%
09/21/25 Sun,"4,502",330.87,93.29%,0.70%
09/22/25 Mon,"11,679",324.84,94.65%,0.62%
09/23/25 Tue,"10,678",310.25,80.55%,2.53%
09/24/25 Wed,"10,320",307.46,95.70%,0.51%
09/25/25 Thu,"10,269",325.03,95.60%,0.64%
09/26/25 Fri,"10,011",318.29,96.29%,0.45%
09/27/25 Sat,"6,652",309.23,95.09%,0.67%
09/28/25 Sun,"4,508",267.05,96.41%,1.33%
09/29/25 Mon,"10,835",305.8,99.68%,0.20%
09/30/25 Tue,"10,517",299.38,99.27%,0.45%
10/01/25 Wed,"11,483",330.35,68.29%,9.18%
10/02/25 Thu,"11,278",313.62,94.95%,1.18%
10/03/25 Fri,"11,558",344.46,57.22%,13.34%
10/04/25 Sat,"7,866",348.54,65.71%,11.19%
10/05/25 Sun,"5,088",346.03,80.97%,4.19%
10/06/25 Mon,"12,478",339.86,90.92%,1.12%
10/07/25 Tue,"11,299",343.27,85.24%,1.94%
10/08/25 Wed,"11,194",329.75,85.66%,2.05%
10/09/25 Thu,"10,800",321.11,99.02%,0.37%
10/10/25 Fri,"10,245",356.44,76.22%,19.97%
10/11/25 Sat,"7,041",353.5,90.96%,1.91%
10/12/25 Sun,"4,683",345.76,98.01%,0.35%
10/13/25 Mon,"10,247",345.28,98.13%,0.44%
10/14/25 Tue,"10,641",338.31,96.64%,0.49%
10/15/25 Wed,"11,090",327.68,95.59%,0.84%
10/16/25 Thu,"10,560",321.62,98.18%,0.28%
10/17/25 Fri,"10,556",346.82,94.27%,0.65%
10/18/25 Sat,"6,840",343.61,97.25%,1.01%
10/19/25 Sun,"4,472",342.7,98.99%,0.39%
10/20/25 Mon,"11,557",338.67,99.34%,0.28%
10/21/25 Tue,"10,468",335.78,98.23%,0.50%
10/22/25 Wed,"10,281",319.5,90.04%,1.61%
10/23/25 Thu,"10,243",313.56,99.59%,0.41%
10/24/25 Fri,"9,995",339.32,98.60%,0.22%
10/25/25 Sat,"6,725",320.24,99.76%,0.19%
10/26/25 Sun,"4,468",314.82,99.73%,0.15%
10/27/25 Mon,"11,276",307.22,97.53%,1.66%
10/28/25 Tue,"10,643",321.66,99.53%,0.26%
10/29/25 Wed,"9,563",305.2,99.12%,0.44%
10/30/25 Thu,"9,187",304.19,99.69%,0.49%
10/31/25 Fri,"9,208",298.63,98.90%,0.33%
11/01/25 Sat,"7,779",331.68,97.01%,0.40%
11/02/25 Sun,"5,575",325.49,88.45%,1.07%
11/03/25 Mon,"13,314",321.48,91.00%,0.70%
11/04/25 Tue,"12,084",321.64,89.86%,4.45%
11/05/25 Wed,"11,919",318.71,95.28%,0.73%
11/06/25 Thu,"11,032",310.25,90.07%,1.16%
11/07/25 Fri,"11,108",297.66,95.56%,0.78%
11/08/25 Sat,"7,695",322.88,92.80%,0.63%
11/09/25 Sun,"5,424",326.39,94.22%,0.53%
11/10/25 Mon,"13,148",333.01,85.31%,1.25%
11/11/25 Tue,"11,472",321.58,96.49%,0.59%
11/12/25 Wed,"11,822",320.42,93.64%,0.60%
11/13/25 Thu,"11,036",303.86,87.72%,1.36%
11/14/25 Fri,"11,199",299.31,95.60%,0.57%
11/15/25 Sat,"7,875",323.28,95.47%,0.46%
11/16/25 Sun,"5,408",323.43,92.78%,0.73%
11/17/25 Mon,"12,859",316.78,86.04%,1.78%
11/18/25 Tue,"12,096",322.8,93.15%,0.70%
11/19/25 Wed,"11,909",312.26,94.23%,0.86%
11/20/25 Thu,"11,764",296.29,88.73%,1.19%
11/21/25 Fri,"11,825",283.02,98.07%,0.44%
11/22/25 Sat,"8,075",307.3,96.55%,0.59%
11/23/25 Sun,"5,338",302.45,94.93%,0.61%
11/24/25 Mon,"12,354",274.08,97.72%,1.04%
11/25/25 Tue,"11,292",309.59,92.59%,0.92%
11/26/25 Wed,"9,744",306.9,93.01%,0.52%
11/27/25 Thu,"2,225",303.2,96.98%,0.48%
11/28/25 Fri,"10,044",294.71,99.43%,0.25%
11/29/25 Sat,"7,724",316.43,96.46%,0.42%
11/30/25 Sun,"5,556",307.45,82.43%,3.62%
12/01/25 Mon,"15,505",338.42,90.05%,0.94%
12/02/25 Tue,"14,196",347.76,80.20%,5.31%
12/03/25 Wed,"14,302",347.54,82.18%,2.69%
12/04/25 Thu,"13,092",349.12,91.90%,0.95%
12/05/25 Fri,"12,964",345.53,91.44%,0.91%
12/06/25 Sat,"8,821",329.45,75.77%,4.09%
12/07/25 Sun,"5,869",308.28,95.64%,1.07%
12/08/25 Mon,"13,918",344.6,90.81%,1.07%
12/09/25 Tue,"12,999",340.72,89.17%,0.98%
12/10/25 Wed,"12,182",353.18,90.52%,1.02%
12/11/25 Thu,"11,779",355.17,93.18%,1.08%
12/12/25 Fri,"11,534",341.41,91.70%,1.03%
12/13/25 Sat,"8,120",323.1,75.87%,3.60%
12/14/25 Sun,"5,445",309.98,93.83%,1.40%
12/15/25 Mon,"12,891",343.13,91.27%,0.81%
12/16/25 Tue,"11,989",339.66,92.04%,1.03%
12/17/25 Wed,"12,055",344.75,84.08%,1.69%
12/18/25 Thu,"11,694",347.94,84.28%,1.90%
12/19/25 Fri,"11,365",336.9,86.31%,2.47%
12/20/25 Sat,"8,627",327.69,71.22%,4.88%
12/21/25 Sun,"5,865",310.42,84.60%,2.68%
12/22/25 Mon,"12,030",331.05,95.31%,0.78%
12/23/25 Tue,"10,599",326.45,99.34%,0.23%
12/24/25 Wed,"6,700",303.96,94.91%,0.90%
12/25/25 Thu,"1,667",291.03,99.52%,0.96%
12/26/25 Fri,"9,514",333.22,80.96%,2.69%
12/27/25 Sat,"7,108",313.9,90.52%,1.17%
12/28/25 Sun,"4,776",318.63,97.31%,0.44%
12/29/25 Mon,"11,695",353.94,78.04%,2.13%
12/30/25 Tue,"11,093",335.17,89.50%,0.99%
12/31/25 Wed,"7,922",337.87,78.03%,3.19%